display_idx,window_role,seq,source_frame_index,row_controller_mask_pixels,row_hand_a_mask_pixels,row_hand_b_mask_pixels,prepared_controller_mask_pixels,prepared_hand_a_mask_pixels,prepared_hand_b_mask_pixels,prepared_object_mask_pixels,raw_depth_file_exists,raw_depth_valid_in_controller_mask,raw_depth_valid_ratio_in_controller_mask,pcd_valid_in_controller_mask,pcd_valid_ratio_in_controller_mask,visible_track_count,visible_track_in_controller_mask_count,all_track_in_controller_mask_count,raw_depth_mm_q01,raw_depth_mm_q05,raw_depth_mm_q50,raw_depth_mm_q95,raw_depth_mm_q99,pcd_distance_m_q01,pcd_distance_m_q05,pcd_distance_m_q50,pcd_distance_m_q95,pcd_distance_m_q99
0,window,0,0,6007,3103,2904,3625,1853,2133,18395,False,0,0.0,3625,1.0,5000,675,675,,,,,,0.1329345464706421,0.1438072830438614,0.22738195955753326,0.46403515338897705,0.47396039247512817
1,window,313,2411,6002,2831,3171,3273,1571,2199,18911,True,2443,0.7464100213871067,3273,1.0,5000,615,615,618.0,627.0,688.0,727.0,728.0,0.12775039732456206,0.13644252121448516,0.22049494087696075,0.4454010903835296,0.4552711904048919
2,window,314,2417,6145,2827,3318,2956,1276,2103,18494,True,2375,0.8034506089309879,2956,1.0,4998,586,588,595.48,638.0,692.0,727.0,731.0,0.12878447398543358,0.1359451748430729,0.19368626922369003,0.43596699833869934,0.44756966084241867
3,window,315,2423,5811,2531,3280,3128,1245,2188,18875,True,2668,0.8529411764705882,3128,1.0,4998,576,578,603.0,605.0,691.0,726.0,732.0,0.12830282956361772,0.13521693572402,0.21624141931533813,0.434628963470459,0.44939602345228197
4,window,316,2429,6074,2866,3208,2671,891,2315,19617,True,1932,0.7233245975290153,2671,1.0,4998,481,483,619.0,638.0,701.0,726.0,729.0,0.12837700843811034,0.1351676806807518,0.19579683244228363,0.4285246431827545,0.4648950070142746
5,window,317,2436,5038,2844,2194,3461,2195,1737,18991,True,2579,0.7451603582779543,3461,1.0,4998,701,703,637.0,648.0,690.0,727.0,734.0,0.1278029203414917,0.13649171590805054,0.40535658597946167,0.4472937285900116,0.45720316767692565
6,window,318,2441,6160,2893,3267,3817,1750,2417,18875,True,2616,0.6853549908304951,3817,1.0,4998,668,670,593.0,599.0,689.0,729.0,735.0,0.1295660090446472,0.13849387168884278,0.22677452862262726,0.4352315485477447,0.44668273448944096
7,window,319,2447,5059,2838,2221,3231,1517,2062,17816,True,1997,0.6180748994119468,3231,1.0,4998,657,659,601.0,629.0,701.0,727.0,731.0,0.1279336228966713,0.13546370714902878,0.20060521364212036,0.43873491883277893,0.44792053699493406
8,window,320,2453,5047,2846,2201,2291,1259,1413,19068,True,1879,0.8201658664338717,2291,1.0,4998,442,444,637.0,649.0,701.0,725.0,728.0,0.12644778341054916,0.13427360355854034,0.21105796098709106,0.44002285599708557,0.4607264310121536
9,window,321,2459,5975,2830,3145,3368,1585,2322,18724,True,2385,0.7081353919239906,3368,1.0,4998,604,606,591.0,626.2,694.0,727.0,734.0,0.12818162992596627,0.13608309775590896,0.2235899195075035,0.44523928612470626,0.46157619774341585
10,window,322,2465,6077,2864,3213,2854,1144,2012,18224,True,2574,0.9018920812894183,2854,1.0,4998,546,548,600.0,609.0,695.0,727.0,734.0,0.12707021966576576,0.13458357602357865,0.20882140845060349,0.43440397679805753,0.44783497840166087
11,window,323,2471,5938,2900,3038,2922,1209,2043,18765,True,2333,0.7984257357973991,2922,1.0,4998,476,476,584.0,609.0,700.0,726.0,731.0,0.1305284833908081,0.13676338866353036,0.21419436484575272,0.4401559025049209,0.45823223441839217
12,window,324,2477,6013,2909,3104,3750,1670,2452,18722,True,2882,0.7685333333333333,3750,1.0,4998,676,678,607.0,608.0,681.0,724.0,732.0,0.13011481061577798,0.13825813382864,0.22085192054510117,0.43595024645328523,0.4617666196823119
13,window,325,2483,5098,2875,2223,2711,1310,1884,19052,True,2220,0.8188860199188491,2711,1.0,4999,557,557,627.0,632.0,691.0,728.0499999999997,733.0,0.1271851032972336,0.1337280571460724,0.20243436098098755,0.44529731571674347,0.5059937477111818
14,window,326,2489,6113,2900,3213,3346,1658,2122,19215,True,2383,0.7121936640765093,3346,1.0,4998,612,614,600.0,606.0,701.0,727.0,736.0,0.12840225771069527,0.13566402345895767,0.23141683638095856,0.4829801693558693,0.493602766096592
15,window,327,2495,5151,2874,2277,2550,1294,1568,18795,True,2123,0.8325490196078431,2550,1.0,4998,514,516,637.0,650.0,701.0,727.0,731.0,0.1287174828350544,0.1344286769628525,0.1997601017355919,0.4648001447319984,0.48667626827955246
16,window,328,2501,6187,2915,3272,3737,1554,2537,19252,True,2679,0.7168852020337169,3737,1.0,4998,666,668,613.0,620.0,690.0,725.0,733.0,0.12863693237304688,0.13680495023727418,0.21998265385627747,0.45152363181114197,0.4757944214344024
17,window,329,2507,5260,2883,2377,2803,1273,1774,19092,True,2327,0.8301819479129504,2803,1.0,4998,571,571,629.0,647.0,697.0,726.0,728.0,0.12690594762563706,0.1348331391811371,0.2013763040304184,0.4493989944458008,0.4580478352308273
18,window,330,2513,5984,2852,3132,3285,1563,2108,19169,True,2325,0.7077625570776256,3285,1.0,4998,598,600,628.0,638.0,691.0,727.0,734.0,0.1275283169746399,0.13516875505447387,0.22302201390266418,0.44216836690902706,0.45458653569221497
19,window,331,2519,5062,2889,2173,3053,1792,1683,19262,True,2361,0.7733377006223386,3053,1.0,4998,628,630,620.0,646.0,690.0,727.0,728.0,0.12957117795944215,0.13637532591819762,0.39607757329940796,0.4483528912067413,0.4606916129589081
20,window,332,2525,4789,2513,2276,2665,1605,1584,19261,True,2038,0.7647279549718574,2665,1.0,4998,554,556,645.0,649.0,696.0,728.0,731.0,0.12770839154720307,0.13466402590274812,0.39177218079566956,0.4417265594005585,0.4476116442680359
21,window,333,2531,6051,2861,3190,3098,1421,2107,19232,True,2496,0.8056810845706908,3098,1.0,4998,566,568,610.0,623.0,691.0,727.0,731.0,0.1281667460501194,0.13603873178362846,0.2200075015425682,0.4598164975643157,0.4989533695578575
22,window,334,2537,5179,2909,2270,2642,1450,1650,19391,True,2262,0.8561695685087055,2642,1.0,4998,519,521,649.0,651.0,689.0,726.0,730.0,0.12681391194462777,0.13397985100746154,0.22250547260046005,0.4401638656854629,0.4770042330026627
23,window,335,2543,6047,2910,3137,3350,1536,2226,18907,True,2757,0.8229850746268657,3350,1.0,4998,618,620,605.0,615.0,687.0,723.0,729.0,0.1298661781847477,0.13649837374687196,0.22775615751743317,0.4813433185219764,0.4962017408013343
24,window,336,2549,6114,2868,3246,3484,1602,2236,19158,True,2719,0.7804247990815155,3484,1.0,4998,631,633,607.0,609.0,701.0,725.0,729.0,0.1288033026456833,0.13559625446796417,0.22168788313865662,0.4361009940505028,0.44637370318174363
25,window,337,2555,6054,2907,3147,3285,1271,2530,18716,True,2467,0.7509893455098935,3285,1.0,4998,611,613,616.0,620.0,690.0,727.0,732.0,0.12776855766773224,0.1357784926891327,0.2100706249475479,0.43878291249275203,0.45246423244476314
26,window,338,2561,6027,2880,3147,3560,1919,1978,19148,True,2554,0.7174157303370786,3560,1.0,4998,645,647,609.0,624.0,695.0,727.0,727.0,0.12847615778446198,0.13673728406429292,0.24514836072921753,0.48512336611747725,0.4973322582244873
27,window,339,2567,6226,2901,3325,3525,1514,2462,18841,True,2978,0.844822695035461,3525,1.0,4998,652,654,603.0,608.0,684.0,727.0,732.0,0.12792253017425537,0.13686785995960235,0.2248603105545044,0.44314447045326233,0.4597692000865936
28,window,340,2573,6026,2881,3145,3888,1796,2372,18488,True,2485,0.6391460905349794,3888,1.0,4997,714,714,608.0,618.0,700.0,731.0,738.0,0.1281161354482174,0.13653775304555893,0.2203407660126686,0.44273476600646966,0.45606447339057926
29,window,341,2579,5676,2404,3272,3604,1478,2617,18809,True,2528,0.7014428412874584,3604,1.0,4995,639,643,602.0,612.0,696.0,727.0,733.0,0.12922513037919997,0.13739532828330994,0.2170315682888031,0.44627048969268795,0.4861416020989418
30,window,342,2585,4990,2393,2597,2844,1170,2078,18934,True,2079,0.7310126582278481,2844,1.0,4991,572,572,628.0,653.0,679.0,719.0,730.0,0.13081107214093207,0.1373102530837059,0.20133522897958755,0.44537345319986343,0.4627244910597802
31,window,343,2591,6091,2766,3325,3367,1616,2205,18640,True,2084,0.618948618948619,3367,1.0,4991,585,593,593.0,598.0,690.0,769.0,774.0,0.1316632202267647,0.13979476243257521,0.23423044383525848,0.4606757938861847,0.47176411986351013
32,window,344,2597,6209,2789,3420,4104,1529,3212,18464,True,2820,0.6871345029239766,4104,1.0,4981,704,712,592.0,617.0,686.0,769.0,771.0,0.13481761634349823,0.14775008708238602,0.21713031083345413,0.48849687576293943,0.5073768746852875
33,window,345,2603,6091,2747,3344,2855,1377,2064,18846,True,1554,0.54430823117338,2855,1.0,4979,465,470,620.0,625.0,697.0,781.0,782.0,0.14061978399753572,0.1524740368127823,0.24283091723918915,0.4572324693202972,0.48647641956806187
34,window,346,2609,5261,2710,2551,2903,1672,1570,19126,True,1587,0.5466758525663107,2903,1.0,4984,573,582,619.72,642.0,686.0,769.0,773.1399999999999,0.14627596348524094,0.15311361700296403,0.41654226183891296,0.4671327143907547,0.47511994540691377
35,borrow,347,2616,5883,2724,3159,3012,1826,1621,18600,True,1299,0.4312749003984064,3012,1.0,4992,579,584,608.0,616.0,681.0,779.0,780.0,0.14999871224164962,0.15945686921477317,0.42120811343193054,0.46589990705251694,0.4752601385116577
