wall_time_iso,index,utilization.gpu [%],utilization.memory [%],memory.used [MiB],power.draw [W],clocks.current.graphics [MHz],temperature.gpu
2026/05/19 18:01:16.915, 0, 0, 0, 579, 60.17, 2565, 38
2026/05/19 18:01:16.917, 1, 6, 0, 2952, 49.94, 795, 45
2026/05/19 18:01:17.149, 0, 0, 0, 579, 60.17, 2565, 38
2026/05/19 18:01:17.151, 1, 15, 2, 3016, 37.58, 705, 45
2026/05/19 18:01:17.386, 0, 0, 0, 579, 60.53, 2565, 38
2026/05/19 18:01:17.389, 1, 15, 2, 3020, 37.58, 705, 45
2026/05/19 18:01:17.616, 0, 0, 0, 579, 60.53, 2565, 38
2026/05/19 18:01:17.618, 1, 15, 2, 3023, 37.58, 705, 45
2026/05/19 18:01:17.848, 0, 1, 0, 579, 60.97, 2565, 38
2026/05/19 18:01:17.850, 1, 15, 2, 3023, 26.57, 585, 45
2026/05/19 18:01:18.080, 0, 1, 0, 579, 60.97, 2565, 38
2026/05/19 18:01:18.083, 1, 15, 2, 3023, 26.57, 585, 45
2026/05/19 18:01:18.314, 0, 1, 0, 579, 60.97, 2565, 38
2026/05/19 18:01:18.317, 1, 45, 20, 3023, 26.59, 540, 45
2026/05/19 18:01:18.551, 0, 1, 0, 579, 61.35, 2565, 38
2026/05/19 18:01:18.554, 1, 45, 20, 3007, 26.59, 540, 45
2026/05/19 18:01:18.786, 0, 1, 0, 579, 61.35, 2565, 38
2026/05/19 18:01:18.789, 1, 45, 20, 3007, 25.16, 750, 45
2026/05/19 18:01:19.018, 0, 0, 0, 579, 61.15, 2565, 38
2026/05/19 18:01:19.021, 1, 45, 20, 3007, 25.16, 750, 45
2026/05/19 18:01:19.255, 0, 0, 0, 579, 61.15, 2565, 38
2026/05/19 18:01:19.257, 1, 20, 3, 3007, 21.30, 750, 44
2026/05/19 18:01:19.486, 0, 0, 0, 579, 60.54, 2565, 38
2026/05/19 18:01:19.488, 1, 20, 3, 3002, 21.30, 750, 44
2026/05/19 18:01:19.760, 0, 0, 0, 579, 60.54, 2565, 38
2026/05/19 18:01:19.773, 1, 20, 3, 3019, 19.14, 750, 44
2026/05/19 18:01:20.004, 0, 0, 0, 579, 60.47, 2565, 38
2026/05/19 18:01:20.006, 1, 20, 3, 3497, 19.14, 750, 44
2026/05/19 18:01:20.235, 0, 0, 0, 579, 60.47, 2565, 38
2026/05/19 18:01:20.237, 1, 5, 0, 3497, 34.46, 2565, 46
2026/05/19 18:01:20.464, 0, 0, 0, 1435, 60.71, 2565, 38
2026/05/19 18:01:20.467, 1, 5, 0, 3496, 34.46, 2565, 46
2026/05/19 18:01:20.695, 0, 0, 0, 1435, 60.71, 2565, 38
2026/05/19 18:01:20.697, 1, 5, 0, 3496, 50.89, 2565, 46
2026/05/19 18:01:20.926, 0, 0, 0, 1435, 61.08, 2565, 38
2026/05/19 18:01:20.928, 1, 5, 0, 3496, 50.89, 2565, 46
2026/05/19 18:01:21.156, 0, 0, 0, 1435, 61.08, 2565, 38
2026/05/19 18:01:21.161, 1, 6, 0, 3496, 54.92, 2565, 46
2026/05/19 18:01:21.390, 0, 0, 0, 1435, 60.88, 2565, 38
2026/05/19 18:01:21.392, 1, 6, 0, 3496, 54.92, 2565, 46
2026/05/19 18:01:21.621, 0, 0, 0, 1435, 60.88, 2565, 38
2026/05/19 18:01:21.624, 1, 6, 0, 3497, 55.43, 2565, 46
2026/05/19 18:01:21.853, 0, 1, 0, 1435, 60.29, 2565, 38
2026/05/19 18:01:21.855, 1, 6, 0, 3498, 55.43, 2565, 46
2026/05/19 18:01:22.085, 0, 1, 0, 1435, 60.29, 2565, 38
2026/05/19 18:01:22.089, 1, 6, 0, 3454, 55.43, 2565, 46
2026/05/19 18:01:22.317, 0, 1, 0, 1459, 60.29, 2565, 38
2026/05/19 18:01:22.320, 1, 13, 2, 3454, 58.25, 2565, 47
2026/05/19 18:01:22.550, 0, 1, 0, 1459, 60.90, 2565, 38
2026/05/19 18:01:22.552, 1, 13, 2, 3454, 58.25, 2565, 47
2026/05/19 18:01:22.780, 0, 1, 0, 1459, 60.90, 2565, 38
2026/05/19 18:01:22.783, 1, 13, 2, 3454, 59.85, 2565, 46
2026/05/19 18:01:23.010, 0, 0, 0, 1459, 61.03, 2565, 38
2026/05/19 18:01:23.012, 1, 13, 2, 3454, 59.85, 2565, 46
2026/05/19 18:01:23.240, 0, 0, 0, 1459, 61.03, 2565, 38
2026/05/19 18:01:23.242, 1, 11, 1, 3515, 58.05, 2565, 46
2026/05/19 18:01:23.469, 0, 0, 0, 1459, 60.39, 2565, 38
2026/05/19 18:01:23.472, 1, 11, 1, 3515, 58.05, 2565, 46
2026/05/19 18:01:23.700, 0, 0, 0, 1459, 60.39, 2565, 38
2026/05/19 18:01:23.703, 1, 11, 1, 3515, 56.13, 2565, 46
2026/05/19 18:01:23.930, 0, 0, 0, 1459, 59.78, 2565, 38
2026/05/19 18:01:23.933, 1, 11, 1, 3515, 56.13, 2565, 46
2026/05/19 18:01:24.160, 0, 0, 0, 1459, 59.78, 2565, 38
2026/05/19 18:01:24.163, 1, 6, 0, 3515, 56.03, 2565, 47
2026/05/19 18:01:24.390, 0, 0, 0, 1459, 59.50, 2565, 38
2026/05/19 18:01:24.393, 1, 6, 0, 3498, 56.03, 2565, 47
2026/05/19 18:01:24.621, 0, 0, 0, 1459, 59.50, 2565, 38
2026/05/19 18:01:24.623, 1, 6, 0, 3498, 55.37, 2565, 47
2026/05/19 18:01:24.850, 0, 0, 0, 1459, 59.47, 2565, 38
2026/05/19 18:01:24.853, 1, 6, 0, 3494, 55.37, 2565, 47
2026/05/19 18:01:25.081, 0, 0, 0, 1459, 59.47, 2565, 38
2026/05/19 18:01:25.083, 1, 6, 0, 3494, 55.37, 2565, 47
2026/05/19 18:01:25.310, 0, 0, 0, 1459, 59.47, 2565, 38
2026/05/19 18:01:25.312, 1, 6, 0, 3494, 55.61, 2565, 47
2026/05/19 18:01:25.540, 0, 0, 0, 1459, 59.80, 2565, 38
2026/05/19 18:01:25.542, 1, 6, 0, 3491, 55.61, 2565, 47
2026/05/19 18:01:25.769, 0, 0, 0, 1459, 59.80, 2565, 38
2026/05/19 18:01:25.772, 1, 6, 0, 3491, 55.80, 2565, 47
2026/05/19 18:01:26.000, 0, 2, 0, 1459, 60.15, 2565, 38
2026/05/19 18:01:26.004, 1, 6, 0, 3491, 55.80, 2565, 47
2026/05/19 18:01:26.232, 0, 2, 0, 1459, 60.15, 2565, 38
2026/05/19 18:01:26.236, 1, 11, 1, 3491, 56.87, 2565, 47
2026/05/19 18:01:26.466, 0, 2, 0, 1459, 61.06, 2565, 38
2026/05/19 18:01:26.470, 1, 11, 1, 3491, 56.87, 2565, 47
2026/05/19 18:01:26.696, 0, 2, 0, 1459, 61.06, 2565, 38
2026/05/19 18:01:26.698, 1, 11, 1, 3491, 57.49, 2565, 47
2026/05/19 18:01:26.928, 0, 0, 0, 1461, 61.26, 2565, 38
2026/05/19 18:01:26.930, 1, 11, 1, 3491, 57.49, 2565, 47
2026/05/19 18:01:27.159, 0, 0, 0, 3291, 61.26, 2565, 38
2026/05/19 18:01:27.161, 1, 6, 0, 3491, 56.29, 2565, 47
2026/05/19 18:01:27.389, 0, 0, 0, 4581, 61.53, 2565, 38
2026/05/19 18:01:27.392, 1, 6, 0, 3491, 56.29, 2565, 47
2026/05/19 18:01:27.618, 0, 0, 0, 4581, 61.53, 2565, 38
2026/05/19 18:01:27.621, 1, 6, 0, 3491, 56.29, 2565, 47
2026/05/19 18:01:27.851, 0, 0, 0, 4581, 61.05, 2565, 38
2026/05/19 18:01:27.854, 1, 6, 0, 3490, 55.45, 2565, 47
2026/05/19 18:01:28.083, 0, 0, 0, 4581, 61.05, 2565, 38
2026/05/19 18:01:28.085, 1, 6, 0, 3508, 55.45, 2565, 47
2026/05/19 18:01:28.313, 0, 0, 0, 4581, 61.05, 2565, 38
2026/05/19 18:01:28.315, 1, 9, 1, 3508, 56.50, 2565, 47
2026/05/19 18:01:28.543, 0, 0, 0, 4581, 60.29, 2565, 38
2026/05/19 18:01:28.546, 1, 9, 1, 3508, 56.50, 2565, 47
2026/05/19 18:01:28.773, 0, 0, 0, 4581, 60.29, 2565, 38
2026/05/19 18:01:28.777, 1, 9, 1, 3508, 56.36, 2565, 47
2026/05/19 18:01:29.004, 0, 1, 0, 4581, 59.74, 2565, 38
2026/05/19 18:01:29.008, 1, 9, 1, 3508, 56.36, 2565, 47
2026/05/19 18:01:29.238, 0, 1, 0, 4581, 59.74, 2565, 38
2026/05/19 18:01:29.241, 1, 10, 1, 3508, 57.00, 2565, 47
2026/05/19 18:01:29.469, 0, 1, 0, 4581, 60.47, 2565, 38
2026/05/19 18:01:29.472, 1, 10, 1, 3493, 57.00, 2565, 47
2026/05/19 18:01:29.702, 0, 1, 0, 4581, 60.47, 2565, 38
2026/05/19 18:01:29.705, 1, 10, 1, 3493, 57.98, 2565, 47
2026/05/19 18:01:29.932, 0, 1, 0, 4581, 61.12, 2565, 38
2026/05/19 18:01:29.935, 1, 10, 1, 3493, 57.98, 2565, 47
2026/05/19 18:01:30.164, 0, 1, 0, 4581, 61.12, 2565, 38
2026/05/19 18:01:30.167, 1, 11, 2, 3493, 58.27, 2565, 47
2026/05/19 18:01:30.396, 0, 1, 0, 4581, 61.20, 2565, 38
2026/05/19 18:01:30.399, 1, 11, 2, 3490, 58.27, 2565, 47
2026/05/19 18:01:30.627, 0, 1, 0, 4581, 61.20, 2565, 38
2026/05/19 18:01:30.629, 1, 11, 2, 3490, 58.12, 2565, 47
2026/05/19 18:01:30.858, 0, 0, 0, 4581, 60.84, 2565, 38
2026/05/19 18:01:30.861, 1, 11, 2, 3490, 58.12, 2565, 47
2026/05/19 18:01:31.088, 0, 0, 0, 4581, 60.84, 2565, 38
2026/05/19 18:01:31.091, 1, 11, 2, 3490, 58.12, 2565, 47
2026/05/19 18:01:31.319, 0, 0, 0, 4581, 60.84, 2565, 38
2026/05/19 18:01:31.322, 1, 6, 0, 3518, 56.81, 2565, 47
2026/05/19 18:01:31.550, 0, 0, 0, 4581, 60.29, 2565, 38
2026/05/19 18:01:31.553, 1, 6, 0, 3562, 56.81, 2565, 47
2026/05/19 18:01:31.781, 0, 0, 0, 4863, 60.29, 2565, 38
2026/05/19 18:01:31.784, 1, 6, 0, 3681, 56.80, 2565, 47
2026/05/19 18:01:32.012, 0, 34, 14, 4993, 67.57, 2565, 42
2026/05/19 18:01:32.015, 1, 6, 0, 3681, 56.80, 2565, 47
2026/05/19 18:01:32.243, 0, 34, 14, 5323, 67.57, 2565, 42
2026/05/19 18:01:32.246, 1, 5, 0, 3681, 57.63, 2565, 47
2026/05/19 18:01:32.473, 0, 34, 14, 5335, 78.78, 2565, 38
2026/05/19 18:01:32.476, 1, 5, 0, 3680, 57.63, 2565, 47
2026/05/19 18:01:32.704, 0, 34, 14, 5189, 78.78, 2565, 38
2026/05/19 18:01:32.707, 1, 5, 0, 3680, 56.76, 2565, 47
2026/05/19 18:01:32.935, 0, 60, 22, 5335, 107.52, 2565, 43
2026/05/19 18:01:32.939, 1, 5, 0, 3680, 56.76, 2565, 47
2026/05/19 18:01:33.167, 0, 60, 22, 4615, 107.52, 2565, 43
2026/05/19 18:01:33.170, 1, 11, 1, 3674, 57.21, 2565, 47
2026/05/19 18:01:33.401, 0, 60, 22, 1175, 98.22, 2565, 38
2026/05/19 18:01:33.404, 1, 11, 1, 3657, 57.21, 2565, 47
2026/05/19 18:01:33.633, 0, 60, 22, 1211, 98.22, 2565, 38
2026/05/19 18:01:33.636, 1, 11, 1, 3658, 58.82, 2565, 48
2026/05/19 18:01:33.864, 0, 1, 0, 1211, 81.02, 2565, 38
2026/05/19 18:01:33.867, 1, 11, 1, 3658, 58.82, 2565, 48
2026/05/19 18:01:34.095, 0, 1, 0, 1211, 81.02, 2565, 38
2026/05/19 18:01:34.097, 1, 11, 1, 3658, 58.82, 2565, 48
2026/05/19 18:01:34.326, 0, 1, 0, 1211, 81.02, 2565, 38
2026/05/19 18:01:34.329, 1, 11, 2, 3658, 59.29, 2565, 48
2026/05/19 18:01:34.557, 0, 1, 0, 1211, 62.40, 2565, 38
2026/05/19 18:01:34.559, 1, 11, 2, 3654, 59.29, 2565, 48
2026/05/19 18:01:34.788, 0, 1, 0, 1211, 62.40, 2565, 38
2026/05/19 18:01:34.790, 1, 11, 2, 3654, 58.84, 2565, 48
2026/05/19 18:01:35.019, 0, 0, 0, 1211, 61.62, 2565, 38
2026/05/19 18:01:35.022, 1, 11, 2, 3654, 58.84, 2565, 48
2026/05/19 18:01:35.249, 0, 0, 0, 1211, 61.62, 2565, 38
2026/05/19 18:01:35.252, 1, 6, 0, 3654, 57.31, 2565, 48
2026/05/19 18:01:35.480, 0, 0, 0, 1211, 61.01, 2565, 38
2026/05/19 18:01:35.483, 1, 6, 0, 3654, 57.31, 2565, 48
2026/05/19 18:01:35.711, 0, 0, 0, 1211, 61.01, 2565, 38
2026/05/19 18:01:35.713, 1, 6, 0, 3654, 55.71, 2565, 48
2026/05/19 18:01:35.946, 0, 0, 0, 1211, 60.90, 2565, 38
2026/05/19 18:01:35.948, 1, 6, 0, 3654, 55.71, 2565, 48
2026/05/19 18:01:36.176, 0, 0, 0, 1211, 60.90, 2565, 38
2026/05/19 18:01:36.179, 1, 6, 0, 3654, 55.30, 2565, 48
2026/05/19 18:01:36.406, 0, 0, 0, 1211, 59.93, 2565, 38
2026/05/19 18:01:36.409, 1, 6, 0, 3684, 55.30, 2565, 48
2026/05/19 18:01:36.637, 0, 0, 0, 1211, 59.93, 2565, 38
2026/05/19 18:01:36.640, 1, 6, 0, 3684, 56.65, 2565, 48
2026/05/19 18:01:36.868, 0, 1, 0, 1609, 60.58, 2565, 38
2026/05/19 18:01:36.871, 1, 6, 0, 3684, 56.65, 2565, 48
2026/05/19 18:01:37.100, 0, 1, 0, 1705, 60.58, 2565, 38
2026/05/19 18:01:37.103, 1, 6, 0, 3684, 56.65, 2565, 48
2026/05/19 18:01:37.336, 0, 1, 0, 1705, 60.58, 2565, 38
2026/05/19 18:01:37.339, 1, 37, 16, 3684, 56.70, 1185, 48
2026/05/19 18:01:37.566, 0, 1, 0, 1705, 61.42, 2565, 38
2026/05/19 18:01:37.569, 1, 37, 16, 3667, 56.70, 1185, 48
2026/05/19 18:01:37.798, 0, 1, 0, 1705, 61.42, 2565, 38
2026/05/19 18:01:37.801, 1, 37, 16, 3668, 44.74, 1170, 47
2026/05/19 18:01:38.031, 0, 2, 0, 1769, 63.10, 2565, 38
2026/05/19 18:01:38.034, 1, 37, 16, 3754, 44.74, 1170, 47
2026/05/19 18:01:38.264, 0, 2, 0, 1923, 63.10, 2565, 38
2026/05/19 18:01:38.267, 1, 11, 1, 3754, 34.37, 2565, 47
2026/05/19 18:01:38.496, 0, 2, 0, 1963, 81.36, 2565, 41
2026/05/19 18:01:38.499, 1, 11, 1, 3747, 34.37, 2565, 47
2026/05/19 18:01:38.727, 0, 2, 0, 2003, 81.36, 2565, 41
2026/05/19 18:01:38.730, 1, 11, 1, 3747, 46.26, 2565, 48
2026/05/19 18:01:38.959, 0, 42, 11, 2081, 118.15, 2685, 44
2026/05/19 18:01:38.963, 1, 11, 1, 3747, 46.26, 2565, 48
2026/05/19 18:01:39.199, 0, 42, 11, 2159, 118.15, 2685, 44
2026/05/19 18:01:39.202, 1, 6, 0, 3747, 57.05, 2565, 48
2026/05/19 18:01:39.430, 0, 42, 11, 2235, 145.11, 2670, 44
2026/05/19 18:01:39.433, 1, 6, 0, 3747, 57.05, 2565, 48
2026/05/19 18:01:39.660, 0, 42, 11, 2313, 145.11, 2670, 44
2026/05/19 18:01:39.663, 1, 6, 0, 3747, 56.11, 2565, 48
2026/05/19 18:01:39.891, 0, 42, 8, 2355, 152.60, 2685, 45
2026/05/19 18:01:39.894, 1, 6, 0, 3747, 56.11, 2565, 48
2026/05/19 18:01:40.157, 0, 42, 8, 2433, 152.60, 2685, 45
2026/05/19 18:01:40.160, 1, 12, 6, 8121, 57.68, 2565, 52
2026/05/19 18:01:40.391, 0, 42, 8, 2509, 150.09, 2685, 44
2026/05/19 18:01:40.394, 1, 12, 6, 9423, 57.68, 2565, 52
2026/05/19 18:01:40.621, 0, 42, 8, 2587, 150.09, 2685, 44
2026/05/19 18:01:40.625, 1, 12, 6, 9439, 57.68, 2565, 52
2026/05/19 18:01:40.854, 0, 42, 11, 2627, 147.84, 2685, 44
2026/05/19 18:01:40.857, 1, 12, 6, 9461, 87.37, 2685, 49
2026/05/19 18:01:41.084, 0, 42, 11, 2705, 147.84, 2685, 44
2026/05/19 18:01:41.087, 1, 12, 6, 9485, 87.37, 2685, 49
2026/05/19 18:01:41.321, 0, 42, 11, 2781, 147.84, 2685, 44
2026/05/19 18:01:41.325, 1, 10, 1, 9431, 93.49, 2685, 49
2026/05/19 18:01:41.552, 0, 42, 11, 2823, 148.43, 2670, 43
2026/05/19 18:01:41.555, 1, 10, 1, 9431, 93.49, 2685, 49
2026/05/19 18:01:41.782, 0, 42, 11, 2901, 148.43, 2670, 43
2026/05/19 18:01:41.785, 1, 10, 1, 9432, 69.70, 2685, 49
2026/05/19 18:01:42.012, 0, 45, 12, 2977, 151.69, 2670, 44
2026/05/19 18:01:42.016, 1, 10, 1, 9496, 69.70, 2685, 49
2026/05/19 18:01:42.243, 0, 45, 12, 3055, 151.69, 2670, 44
2026/05/19 18:01:42.247, 1, 7, 0, 9496, 68.84, 2565, 49
2026/05/19 18:01:42.476, 0, 45, 12, 3055, 152.16, 2670, 44
2026/05/19 18:01:42.479, 1, 7, 0, 9496, 68.84, 2565, 49
2026/05/19 18:01:42.707, 0, 45, 12, 3057, 152.16, 2670, 44
2026/05/19 18:01:42.710, 1, 7, 0, 9496, 63.59, 2565, 49
2026/05/19 18:01:42.940, 0, 45, 12, 3057, 151.74, 2670, 45
2026/05/19 18:01:42.942, 1, 7, 0, 14080, 63.59, 2565, 49
2026/05/19 18:01:43.174, 0, 45, 12, 3057, 151.74, 2670, 45
2026/05/19 18:01:43.177, 1, 100, 63, 14814, 150.74, 2640, 66
2026/05/19 18:01:43.407, 0, 45, 12, 3057, 152.32, 2670, 45
2026/05/19 18:01:43.414, 1, 100, 63, 14814, 150.74, 2640, 66
2026/05/19 18:01:43.644, 0, 45, 12, 3057, 152.32, 2670, 45
2026/05/19 18:01:43.648, 1, 100, 63, 14799, 316.39, 2655, 66
2026/05/19 18:01:43.878, 0, 41, 8, 3057, 151.82, 2670, 45
2026/05/19 18:01:43.881, 1, 100, 63, 14799, 316.39, 2655, 66
2026/05/19 18:01:44.113, 0, 41, 8, 3057, 151.82, 2670, 45
2026/05/19 18:01:44.117, 1, 100, 63, 14799, 316.39, 2655, 66
2026/05/19 18:01:44.347, 0, 41, 8, 3057, 151.70, 2670, 45
2026/05/19 18:01:44.349, 1, 100, 64, 14799, 402.59, 2565, 70
2026/05/19 18:01:44.579, 0, 41, 8, 3057, 151.70, 2670, 45
2026/05/19 18:01:44.582, 1, 100, 64, 14794, 402.59, 2565, 70
2026/05/19 18:01:44.811, 0, 41, 8, 3057, 151.70, 2670, 45
2026/05/19 18:01:44.814, 1, 100, 64, 14794, 413.30, 2655, 67
2026/05/19 18:01:45.044, 0, 43, 11, 3057, 150.96, 2670, 45
2026/05/19 18:01:45.047, 1, 100, 64, 14794, 413.30, 2655, 67
2026/05/19 18:01:45.277, 0, 43, 11, 3057, 150.96, 2670, 45
2026/05/19 18:01:45.279, 1, 100, 70, 14794, 418.35, 2655, 69
2026/05/19 18:01:45.509, 0, 43, 11, 3057, 153.86, 2670, 45
2026/05/19 18:01:45.512, 1, 100, 70, 15528, 418.35, 2655, 69
2026/05/19 18:01:45.744, 0, 43, 11, 3057, 153.86, 2670, 45
2026/05/19 18:01:45.747, 1, 100, 70, 15528, 415.02, 2655, 70
2026/05/19 18:01:45.976, 0, 41, 11, 3057, 154.74, 2670, 45
2026/05/19 18:01:45.979, 1, 100, 70, 15528, 415.02, 2655, 70
2026/05/19 18:01:46.209, 0, 41, 11, 3057, 154.74, 2670, 45
2026/05/19 18:01:46.213, 1, 100, 69, 15530, 414.00, 2625, 71
2026/05/19 18:01:46.443, 0, 41, 11, 3057, 151.74, 2670, 45
2026/05/19 18:01:46.446, 1, 100, 69, 15530, 414.00, 2625, 71
2026/05/19 18:01:46.674, 0, 41, 11, 3057, 151.74, 2670, 45
2026/05/19 18:01:46.678, 1, 100, 69, 15530, 336.27, 2670, 55
2026/05/19 18:01:46.906, 0, 41, 11, 3057, 151.55, 2670, 45
2026/05/19 18:01:46.910, 1, 100, 69, 15488, 336.27, 2670, 55
2026/05/19 18:01:47.137, 0, 41, 11, 3057, 151.55, 2670, 45
2026/05/19 18:01:47.141, 1, 100, 69, 15487, 336.27, 2670, 55
2026/05/19 18:01:47.370, 0, 41, 11, 3057, 149.70, 2670, 45
2026/05/19 18:01:47.375, 1, 11, 1, 15487, 176.32, 2670, 53
2026/05/19 18:01:47.607, 0, 41, 11, 3057, 149.70, 2670, 45
2026/05/19 18:01:47.610, 1, 11, 1, 15491, 176.32, 2670, 53
2026/05/19 18:01:47.841, 0, 41, 11, 3057, 149.70, 2670, 45
2026/05/19 18:01:47.844, 1, 11, 1, 15493, 180.46, 2565, 70
2026/05/19 18:01:48.075, 0, 42, 11, 3057, 151.72, 2670, 45
2026/05/19 18:01:48.078, 1, 11, 1, 15493, 180.46, 2565, 70
2026/05/19 18:01:48.305, 0, 42, 11, 3057, 151.72, 2670, 45
2026/05/19 18:01:48.308, 1, 100, 66, 15493, 337.29, 2655, 72
2026/05/19 18:01:48.537, 0, 42, 11, 3057, 152.93, 2670, 45
2026/05/19 18:01:48.540, 1, 100, 66, 15493, 337.29, 2655, 72
2026/05/19 18:01:48.768, 0, 42, 11, 3057, 152.93, 2670, 45
2026/05/19 18:01:48.772, 1, 100, 66, 15490, 409.44, 2505, 74
2026/05/19 18:01:49.003, 0, 44, 8, 3057, 153.86, 2670, 46
2026/05/19 18:01:49.006, 1, 100, 66, 15492, 409.44, 2505, 74
2026/05/19 18:01:49.238, 0, 44, 8, 3057, 153.86, 2670, 46
2026/05/19 18:01:49.241, 1, 100, 65, 15492, 409.07, 2655, 73
2026/05/19 18:01:49.470, 0, 44, 8, 3057, 153.97, 2670, 45
2026/05/19 18:01:49.472, 1, 100, 65, 15492, 409.07, 2655, 73
2026/05/19 18:01:49.703, 0, 44, 8, 3057, 153.97, 2670, 45
2026/05/19 18:01:49.706, 1, 100, 65, 15491, 421.83, 2595, 69
2026/05/19 18:01:49.936, 0, 45, 11, 3057, 155.36, 2670, 47
2026/05/19 18:01:49.939, 1, 100, 65, 15491, 421.83, 2595, 69
2026/05/19 18:01:50.169, 0, 45, 11, 3057, 155.36, 2670, 47
2026/05/19 18:01:50.172, 1, 100, 66, 15491, 410.40, 2655, 73
2026/05/19 18:01:50.403, 0, 45, 11, 3057, 154.91, 2670, 47
2026/05/19 18:01:50.406, 1, 100, 66, 15493, 410.40, 2655, 73
2026/05/19 18:01:50.636, 0, 45, 11, 3057, 154.91, 2670, 47
2026/05/19 18:01:50.639, 1, 100, 66, 15493, 410.40, 2655, 73
2026/05/19 18:01:50.868, 0, 42, 11, 3057, 155.60, 2670, 46
2026/05/19 18:01:50.871, 1, 100, 66, 15496, 416.26, 2655, 70
2026/05/19 18:01:51.099, 0, 42, 11, 3057, 155.60, 2670, 46
2026/05/19 18:01:51.102, 1, 100, 66, 15496, 416.26, 2655, 70
2026/05/19 18:01:51.329, 0, 42, 11, 3057, 155.60, 2670, 46
2026/05/19 18:01:51.332, 1, 11, 1, 15496, 323.80, 2670, 57
2026/05/19 18:01:51.561, 0, 42, 11, 3057, 153.43, 2670, 45
2026/05/19 18:01:51.564, 1, 11, 1, 15496, 323.80, 2670, 57
2026/05/19 18:01:51.792, 0, 42, 11, 3057, 153.43, 2670, 45
2026/05/19 18:01:51.795, 1, 11, 1, 15496, 168.62, 2670, 58
2026/05/19 18:01:52.026, 0, 39, 11, 3057, 151.72, 2670, 46
2026/05/19 18:01:52.029, 1, 11, 1, 15496, 168.62, 2670, 58
2026/05/19 18:01:52.260, 0, 39, 11, 3057, 151.72, 2670, 46
2026/05/19 18:01:52.263, 1, 100, 67, 15493, 215.04, 2655, 68
2026/05/19 18:01:52.493, 0, 39, 11, 3057, 151.50, 2670, 46
2026/05/19 18:01:52.496, 1, 100, 67, 15493, 215.04, 2655, 68
2026/05/19 18:01:52.726, 0, 39, 11, 3057, 151.50, 2670, 46
2026/05/19 18:01:52.729, 1, 100, 67, 15493, 405.18, 2655, 71
2026/05/19 18:01:52.960, 0, 41, 11, 3057, 153.30, 2670, 47
2026/05/19 18:01:52.964, 1, 100, 67, 15493, 405.18, 2655, 71
2026/05/19 18:01:53.194, 0, 41, 11, 3057, 153.30, 2670, 47
2026/05/19 18:01:53.197, 1, 100, 69, 15492, 413.03, 2655, 70
2026/05/19 18:01:53.428, 0, 41, 11, 3057, 152.16, 2670, 46
2026/05/19 18:01:53.430, 1, 100, 69, 15492, 413.03, 2655, 70
2026/05/19 18:01:53.661, 0, 41, 11, 3057, 152.16, 2670, 46
2026/05/19 18:01:53.664, 1, 100, 69, 15492, 419.45, 2640, 75
2026/05/19 18:01:53.893, 0, 37, 8, 3057, 153.80, 2670, 47
2026/05/19 18:01:53.896, 1, 100, 69, 15491, 419.45, 2640, 75
2026/05/19 18:01:54.128, 0, 37, 8, 3057, 153.80, 2670, 47
2026/05/19 18:01:54.131, 1, 100, 69, 15491, 419.45, 2640, 75
2026/05/19 18:01:54.362, 0, 37, 8, 3057, 154.57, 2670, 46
2026/05/19 18:01:54.365, 1, 97, 70, 15491, 419.63, 2655, 69
2026/05/19 18:01:54.597, 0, 37, 8, 3057, 154.57, 2670, 46
2026/05/19 18:01:54.600, 1, 97, 70, 15492, 419.63, 2655, 69
2026/05/19 18:01:54.829, 0, 37, 8, 3057, 154.57, 2670, 46
2026/05/19 18:01:54.832, 1, 97, 70, 15492, 422.34, 2640, 75
2026/05/19 18:01:55.061, 0, 42, 8, 3057, 151.64, 2670, 47
2026/05/19 18:01:55.064, 1, 97, 70, 15492, 422.34, 2640, 75
2026/05/19 18:01:55.292, 0, 42, 8, 3057, 151.64, 2670, 47
2026/05/19 18:01:55.295, 1, 100, 65, 15492, 419.35, 2475, 77
2026/05/19 18:01:55.523, 0, 42, 8, 3057, 153.05, 2670, 46
2026/05/19 18:01:55.527, 1, 100, 65, 15492, 419.35, 2475, 77
2026/05/19 18:01:55.755, 0, 42, 8, 3057, 153.05, 2670, 46
2026/05/19 18:01:55.758, 1, 100, 65, 15492, 298.07, 2670, 58
2026/05/19 18:01:55.987, 0, 38, 8, 3057, 150.99, 2670, 47
2026/05/19 18:01:55.991, 1, 100, 65, 15492, 298.07, 2670, 58
2026/05/19 18:01:56.219, 0, 38, 8, 3057, 150.99, 2670, 47
2026/05/19 18:01:56.222, 1, 5, 0, 15492, 133.90, 2670, 56
2026/05/19 18:01:56.452, 0, 38, 8, 3057, 151.63, 2670, 46
2026/05/19 18:01:56.454, 1, 5, 0, 15492, 133.90, 2670, 56
2026/05/19 18:01:56.683, 0, 38, 8, 3057, 151.63, 2670, 46
2026/05/19 18:01:56.686, 1, 5, 0, 15492, 213.19, 2655, 72
2026/05/19 18:01:56.917, 0, 42, 11, 3057, 153.38, 2670, 47
2026/05/19 18:01:56.920, 1, 5, 0, 15492, 213.19, 2655, 72
2026/05/19 18:01:57.150, 0, 42, 11, 3057, 153.38, 2670, 47
2026/05/19 18:01:57.153, 1, 100, 72, 15492, 374.05, 2655, 71
2026/05/19 18:01:57.383, 0, 42, 11, 3057, 156.49, 2670, 46
2026/05/19 18:01:57.386, 1, 100, 72, 15492, 374.05, 2655, 71
2026/05/19 18:01:57.615, 0, 42, 11, 3057, 156.49, 2670, 46
2026/05/19 18:01:57.618, 1, 100, 72, 15492, 374.05, 2655, 71
2026/05/19 18:01:57.853, 0, 44, 11, 3057, 153.99, 2670, 46
2026/05/19 18:01:57.856, 1, 100, 72, 15491, 415.49, 2655, 73
2026/05/19 18:01:58.086, 0, 44, 11, 3057, 153.99, 2670, 46
2026/05/19 18:01:58.089, 1, 100, 72, 15491, 415.49, 2655, 73
2026/05/19 18:01:58.319, 0, 44, 11, 3057, 153.99, 2670, 46
2026/05/19 18:01:58.322, 1, 100, 70, 15491, 418.58, 2655, 72
2026/05/19 18:01:58.553, 0, 44, 11, 3057, 154.52, 2670, 46
2026/05/19 18:01:58.556, 1, 100, 70, 15492, 418.58, 2655, 72
2026/05/19 18:01:58.787, 0, 44, 11, 3057, 154.52, 2670, 46
2026/05/19 18:01:58.790, 1, 100, 70, 15492, 414.00, 2655, 72
2026/05/19 18:01:59.020, 0, 45, 9, 3057, 155.56, 2670, 46
2026/05/19 18:01:59.024, 1, 100, 70, 15492, 414.00, 2655, 72
2026/05/19 18:01:59.256, 0, 45, 9, 3057, 155.56, 2670, 46
2026/05/19 18:01:59.258, 1, 100, 69, 15492, 416.15, 2565, 77
2026/05/19 18:01:59.489, 0, 45, 9, 3057, 155.34, 2670, 47
2026/05/19 18:01:59.496, 1, 100, 69, 15492, 416.15, 2565, 77
2026/05/19 18:01:59.724, 0, 45, 9, 3057, 155.34, 2670, 47
2026/05/19 18:01:59.727, 1, 100, 69, 15492, 413.20, 2565, 77
2026/05/19 18:01:59.956, 0, 41, 8, 3057, 155.12, 2670, 47
2026/05/19 18:01:59.959, 1, 100, 69, 15492, 413.20, 2565, 77
2026/05/19 18:02:00.188, 0, 41, 8, 3057, 155.12, 2670, 47
2026/05/19 18:02:00.190, 1, 6, 0, 15492, 305.79, 2670, 59
2026/05/19 18:02:00.417, 0, 41, 8, 3057, 153.69, 2670, 46
2026/05/19 18:02:00.421, 1, 6, 0, 15492, 305.79, 2670, 59
2026/05/19 18:02:00.649, 0, 41, 8, 3057, 153.69, 2670, 46
2026/05/19 18:02:00.652, 1, 6, 0, 15492, 147.80, 2670, 62
2026/05/19 18:02:00.882, 0, 46, 12, 3057, 153.44, 2670, 47
2026/05/19 18:02:00.885, 1, 6, 0, 15492, 147.80, 2670, 62
2026/05/19 18:02:01.115, 0, 46, 12, 3057, 153.44, 2670, 47
2026/05/19 18:02:01.118, 1, 6, 0, 15492, 147.80, 2670, 62
2026/05/19 18:02:01.348, 0, 46, 12, 3057, 153.75, 2670, 47
2026/05/19 18:02:01.351, 1, 100, 63, 15492, 231.73, 2565, 74
2026/05/19 18:02:01.581, 0, 46, 12, 3057, 153.75, 2670, 47
2026/05/19 18:02:01.584, 1, 100, 63, 15492, 231.73, 2565, 74
2026/05/19 18:02:01.815, 0, 46, 12, 3057, 153.75, 2670, 47
2026/05/19 18:02:01.818, 1, 100, 63, 15494, 392.13, 2655, 71
2026/05/19 18:02:02.048, 0, 37, 8, 3057, 154.41, 2670, 47
2026/05/19 18:02:02.050, 1, 100, 63, 15493, 392.13, 2655, 71
2026/05/19 18:02:02.285, 0, 37, 8, 3057, 154.41, 2670, 47
2026/05/19 18:02:02.288, 1, 100, 64, 15493, 411.98, 2490, 76
2026/05/19 18:02:02.518, 0, 37, 8, 3057, 154.53, 2670, 48
2026/05/19 18:02:02.521, 1, 100, 64, 15494, 411.98, 2490, 76
2026/05/19 18:02:02.753, 0, 37, 8, 3057, 154.53, 2670, 48
2026/05/19 18:02:02.757, 1, 100, 64, 15494, 418.27, 2655, 72
2026/05/19 18:02:02.989, 0, 42, 11, 3057, 153.70, 2670, 46
2026/05/19 18:02:02.993, 1, 100, 64, 15494, 418.27, 2655, 72
2026/05/19 18:02:03.222, 0, 42, 11, 3057, 153.70, 2670, 46
2026/05/19 18:02:03.225, 1, 100, 65, 15494, 413.69, 2505, 76
2026/05/19 18:02:03.456, 0, 42, 11, 3057, 156.06, 2670, 46
2026/05/19 18:02:03.459, 1, 100, 65, 15494, 413.69, 2505, 76
2026/05/19 18:02:03.691, 0, 42, 11, 3057, 156.06, 2670, 46
2026/05/19 18:02:03.694, 1, 100, 65, 15494, 419.05, 2655, 73
2026/05/19 18:02:03.925, 0, 43, 11, 3057, 156.31, 2670, 47
2026/05/19 18:02:03.927, 1, 100, 65, 15494, 419.05, 2655, 73
2026/05/19 18:02:04.158, 0, 43, 11, 3057, 156.31, 2670, 47
2026/05/19 18:02:04.161, 1, 100, 68, 15494, 420.74, 2535, 77
2026/05/19 18:02:04.392, 0, 43, 11, 3057, 155.42, 2670, 47
2026/05/19 18:02:04.395, 1, 100, 68, 15494, 420.74, 2535, 77
2026/05/19 18:02:04.622, 0, 43, 11, 3057, 155.42, 2670, 47
2026/05/19 18:02:04.625, 1, 100, 68, 15494, 420.74, 2535, 77
2026/05/19 18:02:04.853, 0, 44, 9, 3057, 154.74, 2670, 47
2026/05/19 18:02:04.856, 1, 100, 68, 15494, 287.71, 2670, 59
2026/05/19 18:02:05.086, 0, 44, 9, 3057, 154.74, 2670, 47
2026/05/19 18:02:05.090, 1, 100, 68, 15494, 287.71, 2670, 59
2026/05/19 18:02:05.319, 0, 44, 9, 3057, 154.74, 2670, 47
2026/05/19 18:02:05.322, 1, 55, 40, 15494, 140.21, 2670, 68
2026/05/19 18:02:05.551, 0, 44, 9, 3057, 153.73, 2670, 47
2026/05/19 18:02:05.554, 1, 55, 40, 15494, 140.21, 2670, 68
2026/05/19 18:02:05.786, 0, 44, 9, 3057, 153.73, 2670, 47
2026/05/19 18:02:05.789, 1, 55, 40, 15494, 245.41, 2505, 77
2026/05/19 18:02:06.020, 0, 41, 11, 3057, 152.70, 2670, 46
2026/05/19 18:02:06.023, 1, 55, 40, 15493, 245.41, 2505, 77
2026/05/19 18:02:06.253, 0, 41, 11, 3057, 152.70, 2670, 46
2026/05/19 18:02:06.257, 1, 100, 65, 15493, 403.93, 2655, 76
2026/05/19 18:02:06.487, 0, 41, 11, 3057, 153.41, 2670, 48
2026/05/19 18:02:06.490, 1, 100, 65, 15494, 403.93, 2655, 76
2026/05/19 18:02:06.720, 0, 41, 11, 3057, 153.41, 2670, 48
2026/05/19 18:02:06.729, 1, 100, 65, 15494, 417.94, 2550, 77
2026/05/19 18:02:06.960, 0, 41, 8, 3057, 153.92, 2670, 47
2026/05/19 18:02:06.962, 1, 100, 65, 15494, 417.94, 2550, 77
2026/05/19 18:02:07.192, 0, 41, 8, 3057, 153.92, 2670, 47
2026/05/19 18:02:07.195, 1, 100, 67, 15494, 417.95, 2505, 76
2026/05/19 18:02:07.427, 0, 41, 8, 3057, 154.30, 2670, 49
2026/05/19 18:02:07.429, 1, 100, 67, 15546, 417.95, 2505, 76
2026/05/19 18:02:07.662, 0, 41, 8, 3057, 154.30, 2670, 49
2026/05/19 18:02:07.665, 1, 100, 67, 15552, 417.95, 2505, 76
2026/05/19 18:02:07.894, 0, 42, 8, 3057, 155.96, 2670, 48
2026/05/19 18:02:07.899, 1, 100, 67, 15585, 417.70, 2655, 79
2026/05/19 18:02:08.128, 0, 42, 8, 3057, 155.96, 2670, 48
2026/05/19 18:02:08.131, 1, 100, 67, 15585, 417.70, 2655, 79
2026/05/19 18:02:08.362, 0, 42, 8, 3057, 155.74, 2670, 47
2026/05/19 18:02:08.365, 1, 100, 70, 15585, 420.43, 2535, 74
2026/05/19 18:02:08.596, 0, 42, 8, 3057, 155.74, 2670, 47
2026/05/19 18:02:08.601, 1, 100, 70, 15585, 420.43, 2535, 74
2026/05/19 18:02:08.831, 0, 42, 8, 3057, 155.74, 2670, 47
2026/05/19 18:02:08.835, 1, 100, 70, 15585, 426.43, 2655, 70
2026/05/19 18:02:09.063, 0, 44, 11, 3057, 156.13, 2670, 48
2026/05/19 18:02:09.066, 1, 100, 70, 15585, 426.43, 2655, 70
2026/05/19 18:02:09.293, 0, 44, 11, 3057, 156.13, 2670, 48
2026/05/19 18:02:09.297, 1, 6, 0, 15569, 272.29, 2670, 60
2026/05/19 18:02:09.525, 0, 44, 11, 3057, 157.91, 2670, 47
2026/05/19 18:02:09.529, 1, 6, 0, 15569, 272.29, 2670, 60
2026/05/19 18:02:09.759, 0, 44, 11, 3057, 157.91, 2670, 47
2026/05/19 18:02:09.763, 1, 6, 0, 15569, 167.51, 2460, 76
2026/05/19 18:02:09.993, 0, 44, 9, 3057, 156.41, 2670, 48
2026/05/19 18:02:09.995, 1, 6, 0, 15569, 167.51, 2460, 76
2026/05/19 18:02:10.225, 0, 44, 9, 3057, 156.41, 2670, 48
2026/05/19 18:02:10.229, 1, 100, 66, 15569, 285.78, 2520, 75
2026/05/19 18:02:10.460, 0, 44, 9, 3057, 154.86, 2670, 49
2026/05/19 18:02:10.463, 1, 100, 66, 15564, 285.78, 2520, 75
2026/05/19 18:02:10.694, 0, 44, 9, 3057, 154.86, 2670, 49
2026/05/19 18:02:10.697, 1, 100, 66, 15564, 428.83, 2655, 72
2026/05/19 18:02:10.927, 0, 44, 11, 3057, 156.09, 2670, 47
2026/05/19 18:02:10.930, 1, 100, 66, 15564, 428.83, 2655, 72
2026/05/19 18:02:11.168, 0, 44, 11, 3057, 156.09, 2670, 47
2026/05/19 18:02:11.170, 1, 100, 66, 15564, 428.83, 2655, 72
2026/05/19 18:02:11.401, 0, 44, 11, 3057, 154.90, 2670, 47
2026/05/19 18:02:11.404, 1, 100, 68, 15564, 416.31, 2565, 73
2026/05/19 18:02:11.635, 0, 44, 11, 3057, 154.90, 2670, 47
2026/05/19 18:02:11.638, 1, 100, 68, 15564, 416.31, 2565, 73
2026/05/19 18:02:11.869, 0, 41, 9, 3057, 153.02, 2670, 49
2026/05/19 18:02:11.872, 1, 100, 68, 15564, 416.74, 2655, 74
2026/05/19 18:02:12.102, 0, 41, 9, 3057, 153.02, 2670, 49
2026/05/19 18:02:12.105, 1, 100, 68, 15564, 416.74, 2655, 74
2026/05/19 18:02:12.333, 0, 41, 9, 3057, 153.02, 2670, 49
2026/05/19 18:02:12.336, 1, 100, 71, 15496, 412.01, 2580, 76
2026/05/19 18:02:12.567, 0, 41, 9, 3057, 154.85, 2670, 47
2026/05/19 18:02:12.570, 1, 100, 71, 15494, 412.01, 2580, 76
2026/05/19 18:02:12.801, 0, 41, 9, 3057, 154.85, 2670, 47
2026/05/19 18:02:12.805, 1, 100, 71, 15494, 419.05, 2655, 76
2026/05/19 18:02:13.034, 0, 44, 11, 3057, 156.62, 2670, 48
2026/05/19 18:02:13.038, 1, 100, 71, 15512, 419.05, 2655, 76
2026/05/19 18:02:13.266, 0, 44, 11, 3057, 156.62, 2670, 48
2026/05/19 18:02:13.269, 1, 18, 6, 15494, 400.27, 2670, 65
2026/05/19 18:02:13.498, 0, 44, 11, 3057, 156.30, 2670, 48
2026/05/19 18:02:13.501, 1, 18, 6, 15494, 400.27, 2670, 65
2026/05/19 18:02:13.728, 0, 44, 11, 3057, 156.30, 2670, 48
2026/05/19 18:02:13.732, 1, 18, 6, 15494, 220.39, 2670, 60
2026/05/19 18:02:13.960, 0, 43, 9, 3057, 155.87, 2670, 48
2026/05/19 18:02:13.963, 1, 18, 6, 15494, 220.39, 2670, 60
2026/05/19 18:02:14.193, 0, 43, 9, 3057, 155.87, 2670, 48
2026/05/19 18:02:14.197, 1, 100, 68, 15494, 134.61, 2655, 75
2026/05/19 18:02:14.427, 0, 43, 9, 3057, 156.16, 2670, 48
2026/05/19 18:02:14.430, 1, 100, 68, 15494, 134.61, 2655, 75
2026/05/19 18:02:14.661, 0, 43, 9, 3057, 156.16, 2670, 48
2026/05/19 18:02:14.664, 1, 100, 68, 15494, 134.61, 2655, 75
2026/05/19 18:02:14.893, 0, 49, 12, 3057, 156.93, 2670, 48
2026/05/19 18:02:14.895, 1, 100, 68, 15494, 286.46, 2535, 77
2026/05/19 18:02:15.125, 0, 49, 12, 3057, 156.93, 2670, 48
2026/05/19 18:02:15.131, 1, 100, 68, 15495, 286.46, 2535, 77
2026/05/19 18:02:15.362, 0, 49, 12, 3057, 155.31, 2670, 48
2026/05/19 18:02:15.365, 1, 97, 68, 15499, 427.15, 2655, 73
2026/05/19 18:02:15.595, 0, 49, 12, 3057, 155.31, 2670, 48
2026/05/19 18:02:15.598, 1, 97, 68, 15499, 427.15, 2655, 73
2026/05/19 18:02:15.829, 0, 49, 12, 3057, 155.31, 2670, 48
2026/05/19 18:02:15.832, 1, 97, 68, 15499, 416.45, 2490, 78
2026/05/19 18:02:16.064, 0, 43, 9, 3057, 156.47, 2670, 48
2026/05/19 18:02:16.067, 1, 97, 68, 15499, 416.45, 2490, 78
2026/05/19 18:02:16.298, 0, 43, 9, 3057, 156.47, 2670, 48
2026/05/19 18:02:16.301, 1, 100, 74, 15499, 423.58, 2655, 78
2026/05/19 18:02:16.533, 0, 43, 9, 3057, 156.63, 2670, 47
2026/05/19 18:02:16.537, 1, 100, 74, 15498, 423.58, 2655, 78
2026/05/19 18:02:16.766, 0, 43, 9, 3057, 156.63, 2670, 47
2026/05/19 18:02:16.769, 1, 100, 74, 15498, 416.84, 2520, 74
2026/05/19 18:02:17.002, 0, 44, 9, 3057, 154.68, 2670, 48
2026/05/19 18:02:17.005, 1, 100, 74, 15498, 416.84, 2520, 74
2026/05/19 18:02:17.234, 0, 44, 9, 3057, 154.68, 2670, 48
2026/05/19 18:02:17.238, 1, 100, 71, 15498, 418.33, 2655, 76
2026/05/19 18:02:17.468, 0, 44, 9, 3057, 155.45, 2670, 49
2026/05/19 18:02:17.471, 1, 100, 71, 15498, 418.33, 2655, 76
2026/05/19 18:02:17.700, 0, 44, 9, 3057, 155.45, 2670, 49
2026/05/19 18:02:17.703, 1, 100, 71, 15498, 391.42, 2655, 65
2026/05/19 18:02:17.934, 0, 43, 11, 3057, 156.31, 2670, 48
2026/05/19 18:02:17.938, 1, 100, 71, 15498, 391.42, 2655, 65
2026/05/19 18:02:18.165, 0, 43, 11, 3057, 156.31, 2670, 48
2026/05/19 18:02:18.168, 1, 100, 71, 15498, 391.42, 2655, 65
2026/05/19 18:02:18.398, 0, 43, 11, 3057, 153.65, 2670, 48
2026/05/19 18:02:18.402, 1, 6, 0, 15498, 201.70, 2670, 61
2026/05/19 18:02:18.632, 0, 43, 11, 3057, 153.65, 2670, 48
2026/05/19 18:02:18.636, 1, 6, 0, 15498, 201.70, 2670, 61
2026/05/19 18:02:18.870, 0, 41, 8, 3057, 154.81, 2670, 49
2026/05/19 18:02:18.873, 1, 6, 0, 15498, 175.77, 2655, 72
2026/05/19 18:02:19.103, 0, 41, 8, 3057, 154.81, 2670, 49
2026/05/19 18:02:19.106, 1, 6, 0, 15498, 175.77, 2655, 72
2026/05/19 18:02:19.341, 0, 41, 8, 3057, 154.81, 2670, 49
2026/05/19 18:02:19.344, 1, 100, 64, 15498, 336.74, 2655, 80
2026/05/19 18:02:19.575, 0, 41, 8, 3057, 154.66, 2670, 49
2026/05/19 18:02:19.578, 1, 100, 64, 15498, 336.74, 2655, 80
2026/05/19 18:02:19.808, 0, 41, 8, 3057, 154.66, 2670, 49
2026/05/19 18:02:19.811, 1, 100, 64, 15498, 414.75, 2655, 74
2026/05/19 18:02:20.042, 0, 43, 11, 3057, 154.99, 2670, 48
2026/05/19 18:02:20.045, 1, 100, 64, 15498, 414.75, 2655, 74
2026/05/19 18:02:20.273, 0, 43, 11, 3057, 154.99, 2670, 48
2026/05/19 18:02:20.277, 1, 100, 66, 15498, 422.08, 2610, 79
2026/05/19 18:02:20.509, 0, 43, 11, 3057, 155.64, 2670, 48
2026/05/19 18:02:20.512, 1, 100, 66, 15494, 422.08, 2610, 79
2026/05/19 18:02:20.743, 0, 43, 11, 3057, 155.64, 2670, 48
2026/05/19 18:02:20.747, 1, 100, 66, 15543, 425.43, 2565, 77
2026/05/19 18:02:20.979, 0, 46, 12, 3057, 156.71, 2670, 48
2026/05/19 18:02:20.983, 1, 100, 66, 15573, 425.43, 2565, 77
2026/05/19 18:02:21.213, 0, 46, 12, 3057, 156.71, 2670, 48
2026/05/19 18:02:21.216, 1, 100, 64, 15574, 419.83, 2520, 79
2026/05/19 18:02:21.446, 0, 46, 12, 3057, 155.40, 2670, 48
2026/05/19 18:02:21.449, 1, 100, 64, 15573, 419.83, 2520, 79
2026/05/19 18:02:21.679, 0, 46, 12, 3057, 155.40, 2670, 48
2026/05/19 18:02:21.682, 1, 100, 64, 15574, 421.25, 2565, 77
2026/05/19 18:02:21.911, 0, 44, 9, 3057, 155.97, 2670, 49
2026/05/19 18:02:21.914, 1, 100, 64, 15574, 421.25, 2565, 77
2026/05/19 18:02:22.145, 0, 44, 9, 3057, 155.97, 2670, 49
2026/05/19 18:02:22.150, 1, 100, 64, 15574, 421.25, 2565, 77
2026/05/19 18:02:22.380, 0, 44, 9, 3057, 155.27, 2670, 48
2026/05/19 18:02:22.383, 1, 9, 1, 15558, 355.44, 2655, 65
2026/05/19 18:02:22.611, 0, 44, 9, 3057, 155.27, 2670, 48
2026/05/19 18:02:22.614, 1, 9, 1, 15559, 355.44, 2655, 65
2026/05/19 18:02:22.846, 0, 41, 11, 3057, 156.55, 2670, 49
2026/05/19 18:02:22.849, 1, 9, 1, 15559, 193.18, 2670, 62
2026/05/19 18:02:23.081, 0, 41, 11, 3057, 156.55, 2670, 49
2026/05/19 18:02:23.084, 1, 9, 1, 15559, 193.18, 2670, 62
2026/05/19 18:02:23.314, 0, 41, 11, 3057, 156.55, 2670, 49
2026/05/19 18:02:23.318, 1, 100, 73, 15559, 189.50, 2655, 73
2026/05/19 18:02:23.550, 0, 41, 11, 3057, 157.41, 2670, 49
2026/05/19 18:02:23.553, 1, 100, 73, 15555, 189.50, 2655, 73
2026/05/19 18:02:23.785, 0, 41, 11, 3057, 157.41, 2670, 49
2026/05/19 18:02:23.789, 1, 100, 73, 15566, 347.07, 2655, 79
2026/05/19 18:02:24.020, 0, 42, 8, 3057, 154.80, 2670, 49
2026/05/19 18:02:24.023, 1, 100, 73, 15575, 347.07, 2655, 79
2026/05/19 18:02:24.254, 0, 42, 8, 3057, 154.80, 2670, 49
2026/05/19 18:02:24.257, 1, 91, 66, 15575, 414.27, 2655, 78
2026/05/19 18:02:24.496, 0, 42, 8, 3057, 155.00, 2670, 47
2026/05/19 18:02:24.500, 1, 91, 66, 15575, 414.27, 2655, 78
2026/05/19 18:02:24.732, 0, 42, 8, 3057, 155.00, 2670, 47
2026/05/19 18:02:24.735, 1, 91, 66, 15575, 417.12, 2610, 82
2026/05/19 18:02:24.971, 0, 34, 10, 3057, 143.76, 2670, 48
2026/05/19 18:02:24.974, 1, 91, 66, 15575, 417.12, 2610, 82
2026/05/19 18:02:25.205, 0, 34, 10, 3057, 143.76, 2670, 48
2026/05/19 18:02:25.208, 1, 100, 66, 15575, 429.38, 2565, 77
2026/05/19 18:02:25.438, 0, 34, 10, 3057, 133.51, 2670, 47
2026/05/19 18:02:25.441, 1, 100, 66, 15560, 429.38, 2565, 77
2026/05/19 18:02:25.672, 0, 34, 10, 3057, 133.51, 2670, 47
2026/05/19 18:02:25.674, 1, 100, 66, 15554, 429.38, 2565, 77
2026/05/19 18:02:25.904, 0, 41, 8, 3057, 143.11, 2670, 49
2026/05/19 18:02:25.908, 1, 100, 66, 15554, 422.99, 2640, 81
2026/05/19 18:02:26.162, 0, 41, 8, 3057, 143.11, 2670, 49
2026/05/19 18:02:26.165, 1, 100, 66, 15554, 422.99, 2640, 81
2026/05/19 18:02:26.395, 0, 41, 8, 3057, 148.75, 2670, 48
2026/05/19 18:02:26.398, 1, 100, 69, 15553, 422.78, 2550, 76
2026/05/19 18:02:26.627, 0, 41, 8, 3057, 148.75, 2670, 48
2026/05/19 18:02:26.630, 1, 100, 69, 15550, 422.78, 2550, 76
2026/05/19 18:02:26.859, 0, 38, 8, 3057, 148.94, 2670, 47
2026/05/19 18:02:26.862, 1, 100, 69, 15550, 345.90, 2655, 66
2026/05/19 18:02:27.091, 0, 38, 8, 3057, 148.94, 2670, 47
2026/05/19 18:02:27.095, 1, 100, 69, 15550, 345.90, 2655, 66
2026/05/19 18:02:27.323, 0, 38, 8, 3057, 148.94, 2670, 47
2026/05/19 18:02:27.326, 1, 12, 2, 15550, 187.09, 2670, 62
2026/05/19 18:02:27.554, 0, 38, 8, 3057, 150.57, 2670, 48
2026/05/19 18:02:27.557, 1, 12, 2, 15550, 187.09, 2670, 62
2026/05/19 18:02:27.790, 0, 38, 8, 3057, 150.57, 2670, 48
2026/05/19 18:02:27.793, 1, 12, 2, 15550, 171.74, 2655, 74
2026/05/19 18:02:28.024, 0, 44, 11, 3057, 151.64, 2670, 49
2026/05/19 18:02:28.027, 1, 12, 2, 15550, 171.74, 2655, 74
2026/05/19 18:02:28.257, 0, 44, 11, 3057, 151.64, 2670, 49
2026/05/19 18:02:28.261, 1, 100, 72, 15550, 329.48, 2520, 79
2026/05/19 18:02:28.492, 0, 44, 11, 3057, 149.99, 2670, 48
2026/05/19 18:02:28.494, 1, 100, 72, 15550, 329.48, 2520, 79
2026/05/19 18:02:28.726, 0, 44, 11, 3057, 149.99, 2670, 48
2026/05/19 18:02:28.729, 1, 100, 72, 15550, 417.92, 2655, 74
2026/05/19 18:02:28.960, 0, 45, 12, 3057, 144.92, 2670, 48
2026/05/19 18:02:28.963, 1, 100, 72, 15495, 417.92, 2655, 74
2026/05/19 18:02:29.195, 0, 45, 12, 3057, 144.92, 2670, 48
2026/05/19 18:02:29.199, 1, 100, 73, 15495, 421.01, 2505, 80
2026/05/19 18:02:29.430, 0, 45, 12, 3057, 148.44, 2670, 48
2026/05/19 18:02:29.433, 1, 100, 73, 15495, 421.01, 2505, 80
2026/05/19 18:02:29.664, 0, 45, 12, 3512, 148.44, 2670, 48
2026/05/19 18:02:29.669, 1, 100, 73, 15495, 421.01, 2505, 80
2026/05/19 18:02:29.906, 0, 42, 11, 3512, 153.22, 2670, 48
2026/05/19 18:02:29.909, 1, 100, 73, 15495, 418.73, 2655, 77
2026/05/19 18:02:30.140, 0, 42, 11, 3512, 153.22, 2670, 48
2026/05/19 18:02:30.143, 1, 100, 73, 15495, 418.73, 2655, 77
2026/05/19 18:02:30.373, 0, 42, 11, 3512, 153.29, 2670, 49
2026/05/19 18:02:30.376, 1, 100, 74, 15495, 425.36, 2460, 80
2026/05/19 18:02:30.608, 0, 42, 11, 3057, 153.29, 2670, 49
2026/05/19 18:02:30.611, 1, 100, 74, 15495, 425.36, 2460, 80
2026/05/19 18:02:30.842, 0, 42, 11, 3057, 153.29, 2670, 49
2026/05/19 18:02:30.845, 1, 100, 74, 15502, 422.54, 2655, 77
2026/05/19 18:02:31.077, 0, 42, 8, 3057, 153.68, 2670, 49
2026/05/19 18:02:31.080, 1, 100, 74, 15559, 422.54, 2655, 77
2026/05/19 18:02:31.309, 0, 42, 8, 3057, 153.68, 2670, 49
2026/05/19 18:02:31.312, 1, 7, 0, 15559, 355.11, 2655, 67
2026/05/19 18:02:31.540, 0, 42, 8, 3057, 155.31, 2670, 50
2026/05/19 18:02:31.544, 1, 7, 0, 15559, 355.11, 2655, 67
2026/05/19 18:02:31.774, 0, 42, 8, 3057, 155.31, 2670, 50
2026/05/19 18:02:31.777, 1, 7, 0, 15559, 194.99, 2670, 63
2026/05/19 18:02:32.008, 0, 42, 11, 3057, 155.63, 2670, 49
2026/05/19 18:02:32.011, 1, 7, 0, 15559, 194.99, 2670, 63
2026/05/19 18:02:32.241, 0, 42, 11, 3057, 155.63, 2670, 49
2026/05/19 18:02:32.243, 1, 100, 74, 15559, 211.18, 2505, 78
2026/05/19 18:02:32.476, 0, 42, 11, 3057, 155.33, 2670, 49
2026/05/19 18:02:32.479, 1, 100, 74, 15541, 211.18, 2505, 78
2026/05/19 18:02:32.710, 0, 42, 11, 3057, 155.33, 2670, 49
2026/05/19 18:02:32.714, 1, 100, 74, 15541, 367.40, 2655, 78
2026/05/19 18:02:32.946, 0, 43, 8, 3057, 155.83, 2670, 49
2026/05/19 18:02:32.948, 1, 100, 74, 15541, 367.40, 2655, 78
2026/05/19 18:02:33.178, 0, 43, 8, 3057, 155.83, 2670, 49
2026/05/19 18:02:33.181, 1, 100, 70, 15546, 419.42, 2550, 79
2026/05/19 18:02:33.415, 0, 43, 8, 3057, 157.94, 2670, 50
2026/05/19 18:02:33.418, 1, 100, 70, 15546, 419.42, 2550, 79
2026/05/19 18:02:33.649, 0, 43, 8, 3057, 157.94, 2670, 50
2026/05/19 18:02:33.652, 1, 100, 70, 15542, 419.42, 2550, 79
2026/05/19 18:02:33.883, 0, 43, 9, 3057, 157.55, 2670, 49
2026/05/19 18:02:33.887, 1, 100, 70, 15541, 416.45, 2655, 77
2026/05/19 18:02:34.118, 0, 43, 9, 3057, 157.55, 2670, 49
2026/05/19 18:02:34.121, 1, 100, 70, 15541, 416.45, 2655, 77
2026/05/19 18:02:34.354, 0, 43, 9, 3057, 158.14, 2670, 49
2026/05/19 18:02:34.357, 1, 89, 66, 15541, 420.30, 2595, 81
2026/05/19 18:02:34.588, 0, 43, 9, 3057, 158.14, 2670, 49
2026/05/19 18:02:34.591, 1, 89, 66, 15540, 420.30, 2595, 81
2026/05/19 18:02:34.823, 0, 43, 9, 3057, 158.14, 2670, 49
2026/05/19 18:02:34.825, 1, 89, 66, 15540, 414.72, 2655, 81
2026/05/19 18:02:35.055, 0, 42, 9, 3057, 157.54, 2670, 50
2026/05/19 18:02:35.058, 1, 89, 66, 15540, 414.72, 2655, 81
2026/05/19 18:02:35.288, 0, 42, 9, 3057, 157.54, 2670, 50
2026/05/19 18:02:35.291, 1, 100, 69, 15578, 421.82, 2520, 81
2026/05/19 18:02:35.526, 0, 42, 9, 3057, 157.40, 2670, 49
2026/05/19 18:02:35.529, 1, 100, 69, 15578, 421.82, 2520, 81
2026/05/19 18:02:35.757, 0, 42, 9, 3057, 157.40, 2670, 49
2026/05/19 18:02:35.760, 1, 100, 69, 15578, 327.73, 2655, 66
2026/05/19 18:02:35.991, 0, 41, 8, 3057, 156.03, 2670, 49
2026/05/19 18:02:35.994, 1, 100, 69, 15542, 327.73, 2655, 66
2026/05/19 18:02:36.224, 0, 41, 8, 3057, 156.03, 2670, 49
2026/05/19 18:02:36.227, 1, 11, 2, 15533, 177.52, 2670, 64
2026/05/19 18:02:36.458, 0, 41, 8, 3057, 154.07, 2670, 49
2026/05/19 18:02:36.462, 1, 11, 2, 15533, 177.52, 2670, 64
2026/05/19 18:02:36.724, 0, 41, 8, 3057, 154.07, 2670, 49
2026/05/19 18:02:36.727, 1, 11, 2, 15533, 226.49, 2625, 80
2026/05/19 18:02:36.958, 0, 41, 11, 3057, 154.35, 2670, 48
2026/05/19 18:02:36.962, 1, 11, 2, 15533, 226.49, 2625, 80
2026/05/19 18:02:37.195, 0, 41, 11, 3057, 154.35, 2670, 48
2026/05/19 18:02:37.198, 1, 100, 67, 15533, 381.76, 2505, 79
2026/05/19 18:02:37.431, 0, 41, 11, 3057, 155.21, 2670, 49
2026/05/19 18:02:37.435, 1, 100, 67, 15574, 381.76, 2505, 79
2026/05/19 18:02:37.667, 0, 41, 11, 3057, 155.21, 2670, 49
2026/05/19 18:02:37.670, 1, 100, 67, 15620, 381.76, 2505, 79
2026/05/19 18:02:37.900, 0, 48, 12, 3057, 155.50, 2670, 49
2026/05/19 18:02:37.903, 1, 100, 67, 15620, 423.74, 2610, 79
2026/05/19 18:02:38.133, 0, 48, 12, 3057, 155.50, 2670, 49
2026/05/19 18:02:38.137, 1, 100, 67, 15620, 423.74, 2610, 79
2026/05/19 18:02:38.368, 0, 48, 12, 3057, 154.98, 2670, 49
2026/05/19 18:02:38.371, 1, 100, 65, 15620, 421.15, 2655, 78
2026/05/19 18:02:38.602, 0, 48, 12, 3057, 154.98, 2670, 49
2026/05/19 18:02:38.604, 1, 100, 65, 15616, 421.15, 2655, 78
2026/05/19 18:02:38.837, 0, 48, 12, 3057, 154.98, 2670, 49
2026/05/19 18:02:38.840, 1, 100, 65, 15607, 426.75, 2655, 83
2026/05/19 18:02:39.068, 0, 45, 12, 3057, 155.77, 2670, 49
2026/05/19 18:02:39.072, 1, 100, 65, 15607, 426.75, 2655, 83
2026/05/19 18:02:39.301, 0, 45, 12, 3057, 155.77, 2670, 49
2026/05/19 18:02:39.304, 1, 100, 64, 15607, 416.92, 2655, 79
2026/05/19 18:02:39.534, 0, 45, 12, 3057, 156.79, 2670, 49
2026/05/19 18:02:39.537, 1, 100, 64, 15607, 416.92, 2655, 79
2026/05/19 18:02:39.771, 0, 45, 12, 3057, 156.79, 2670, 49
2026/05/19 18:02:39.775, 1, 100, 64, 15589, 419.32, 2640, 83
2026/05/19 18:02:40.006, 0, 43, 11, 3057, 155.62, 2670, 50
2026/05/19 18:02:40.009, 1, 100, 64, 15560, 419.32, 2640, 83
2026/05/19 18:02:40.240, 0, 43, 11, 3057, 155.62, 2670, 50
2026/05/19 18:02:40.244, 1, 10, 1, 15561, 322.12, 2655, 67
2026/05/19 18:02:40.472, 0, 43, 11, 3057, 153.73, 2670, 49
2026/05/19 18:02:40.476, 1, 10, 1, 15561, 322.12, 2655, 67
2026/05/19 18:02:40.707, 0, 43, 11, 3057, 153.73, 2670, 49
2026/05/19 18:02:40.711, 1, 10, 1, 15560, 168.69, 2655, 64
2026/05/19 18:02:40.954, 0, 42, 11, 3057, 155.47, 2670, 49
2026/05/19 18:02:40.957, 1, 10, 1, 15560, 168.69, 2655, 64
2026/05/19 18:02:41.187, 0, 42, 11, 3057, 155.47, 2670, 49
2026/05/19 18:02:41.190, 1, 100, 69, 15560, 224.83, 2655, 79
2026/05/19 18:02:41.420, 0, 42, 11, 3057, 157.85, 2670, 50
2026/05/19 18:02:41.423, 1, 100, 69, 15560, 224.83, 2655, 79
2026/05/19 18:02:41.654, 0, 42, 11, 3057, 157.85, 2670, 50
2026/05/19 18:02:41.657, 1, 100, 69, 15560, 224.83, 2655, 79
2026/05/19 18:02:41.888, 0, 47, 12, 3057, 157.31, 2670, 48
2026/05/19 18:02:41.891, 1, 100, 69, 15560, 381.07, 2535, 79
2026/05/19 18:02:42.124, 0, 47, 12, 3057, 157.31, 2670, 48
2026/05/19 18:02:42.127, 1, 100, 69, 15560, 381.07, 2535, 79
2026/05/19 18:02:42.357, 0, 47, 12, 3057, 156.00, 2670, 49
2026/05/19 18:02:42.360, 1, 100, 72, 15560, 422.79, 2595, 81
2026/05/19 18:02:42.591, 0, 47, 12, 3057, 156.00, 2670, 49
2026/05/19 18:02:42.594, 1, 100, 72, 15524, 422.79, 2595, 81
2026/05/19 18:02:42.826, 0, 47, 12, 3057, 156.00, 2670, 49
2026/05/19 18:02:42.829, 1, 100, 72, 15493, 424.90, 2535, 81
2026/05/19 18:02:43.060, 0, 41, 11, 3057, 155.78, 2670, 49
2026/05/19 18:02:43.066, 1, 100, 72, 15493, 424.90, 2535, 81
2026/05/19 18:02:43.300, 0, 41, 11, 3057, 155.78, 2670, 49
2026/05/19 18:02:43.303, 1, 91, 65, 15493, 423.29, 2655, 82
2026/05/19 18:02:43.535, 0, 41, 11, 3057, 154.14, 2670, 49
2026/05/19 18:02:43.539, 1, 91, 65, 15493, 423.29, 2655, 82
2026/05/19 18:02:43.771, 0, 41, 11, 3057, 154.14, 2670, 49
2026/05/19 18:02:43.774, 1, 91, 65, 15492, 423.67, 2655, 79
2026/05/19 18:02:44.008, 0, 41, 8, 3057, 154.83, 2670, 49
2026/05/19 18:02:44.011, 1, 91, 65, 15492, 423.67, 2655, 79
2026/05/19 18:02:44.240, 0, 41, 8, 3057, 154.83, 2670, 49
2026/05/19 18:02:44.243, 1, 100, 68, 15493, 421.71, 2655, 82
2026/05/19 18:02:44.474, 0, 41, 8, 3057, 156.10, 2670, 50
2026/05/19 18:02:44.477, 1, 100, 68, 15493, 421.71, 2655, 82
2026/05/19 18:02:44.706, 0, 41, 8, 3057, 156.10, 2670, 50
2026/05/19 18:02:44.709, 1, 100, 68, 15493, 317.89, 2655, 67
2026/05/19 18:02:44.938, 0, 44, 9, 3057, 153.86, 2670, 49
2026/05/19 18:02:44.941, 1, 100, 68, 15493, 317.89, 2655, 67
2026/05/19 18:02:45.170, 0, 44, 9, 3057, 153.86, 2670, 49
2026/05/19 18:02:45.173, 1, 100, 68, 15493, 317.89, 2655, 67
2026/05/19 18:02:45.402, 0, 44, 9, 3057, 152.66, 2670, 49
2026/05/19 18:02:45.405, 1, 10, 1, 15493, 160.86, 2655, 65
2026/05/19 18:02:45.636, 0, 44, 9, 3057, 152.66, 2670, 49
2026/05/19 18:02:45.639, 1, 10, 1, 15493, 160.86, 2655, 65
2026/05/19 18:02:45.874, 0, 47, 12, 3057, 154.21, 2670, 50
2026/05/19 18:02:45.878, 1, 10, 1, 15493, 200.68, 2520, 77
2026/05/19 18:02:46.111, 0, 47, 12, 3057, 154.21, 2670, 50
2026/05/19 18:02:46.114, 1, 10, 1, 15493, 200.68, 2520, 77
2026/05/19 18:02:46.344, 0, 47, 12, 3057, 154.21, 2670, 50
2026/05/19 18:02:46.347, 1, 100, 64, 15493, 355.94, 2655, 82
2026/05/19 18:02:46.577, 0, 47, 12, 3057, 156.17, 2670, 50
2026/05/19 18:02:46.580, 1, 100, 64, 15493, 355.94, 2655, 82
2026/05/19 18:02:46.810, 0, 47, 12, 3057, 156.17, 2670, 50
2026/05/19 18:02:46.813, 1, 100, 64, 15493, 416.56, 2550, 80
2026/05/19 18:02:47.045, 0, 44, 9, 3057, 156.47, 2670, 49
2026/05/19 18:02:47.049, 1, 100, 64, 15493, 416.56, 2550, 80
2026/05/19 18:02:47.281, 0, 44, 9, 3057, 156.47, 2670, 49
2026/05/19 18:02:47.284, 1, 100, 66, 15493, 415.10, 2655, 80
2026/05/19 18:02:47.516, 0, 44, 9, 3057, 155.08, 2670, 50
2026/05/19 18:02:47.519, 1, 100, 66, 15493, 415.10, 2655, 80
2026/05/19 18:02:47.749, 0, 44, 9, 3057, 155.08, 2670, 50
2026/05/19 18:02:47.752, 1, 100, 66, 15493, 430.28, 2550, 83
2026/05/19 18:02:47.983, 0, 47, 12, 3057, 154.70, 2670, 49
2026/05/19 18:02:47.986, 1, 100, 66, 15493, 430.28, 2550, 83
2026/05/19 18:02:48.219, 0, 47, 12, 3057, 154.70, 2670, 49
2026/05/19 18:02:48.222, 1, 100, 68, 15538, 421.96, 2610, 84
2026/05/19 18:02:48.453, 0, 47, 12, 3057, 154.79, 2670, 49
2026/05/19 18:02:48.456, 1, 100, 68, 15564, 421.96, 2610, 84
2026/05/19 18:02:48.688, 0, 47, 12, 3057, 154.79, 2670, 49
2026/05/19 18:02:48.693, 1, 100, 68, 15584, 421.70, 2535, 80
2026/05/19 18:02:48.927, 0, 44, 11, 3057, 156.43, 2670, 50
2026/05/19 18:02:48.931, 1, 100, 68, 15639, 421.70, 2535, 80
2026/05/19 18:02:49.161, 0, 44, 11, 3057, 156.43, 2670, 50
2026/05/19 18:02:49.166, 1, 100, 68, 15641, 421.70, 2535, 80
2026/05/19 18:02:49.395, 0, 44, 11, 3057, 154.84, 2670, 49
2026/05/19 18:02:49.398, 1, 12, 2, 15641, 340.92, 2655, 68
2026/05/19 18:02:49.627, 0, 44, 11, 3057, 154.84, 2670, 49
2026/05/19 18:02:49.632, 1, 12, 2, 15641, 340.92, 2655, 68
2026/05/19 18:02:49.862, 0, 43, 11, 3057, 153.20, 2670, 50
2026/05/19 18:02:49.865, 1, 12, 2, 15643, 185.73, 2670, 65
2026/05/19 18:02:50.096, 0, 43, 11, 3057, 153.20, 2670, 50
2026/05/19 18:02:50.100, 1, 12, 2, 15642, 185.73, 2670, 65
2026/05/19 18:02:50.330, 0, 43, 11, 3057, 153.20, 2670, 50
2026/05/19 18:02:50.333, 1, 100, 69, 15642, 198.61, 2625, 76
2026/05/19 18:02:50.566, 0, 43, 11, 3057, 152.84, 2670, 49
2026/05/19 18:02:50.568, 1, 100, 69, 15642, 198.61, 2625, 76
2026/05/19 18:02:50.828, 0, 43, 11, 3057, 152.84, 2670, 49
2026/05/19 18:02:50.832, 1, 100, 69, 15642, 357.55, 2640, 78
2026/05/19 18:02:51.064, 0, 38, 8, 3057, 154.68, 2670, 50
2026/05/19 18:02:51.069, 1, 100, 69, 15632, 357.55, 2640, 78
2026/05/19 18:02:51.300, 0, 38, 8, 3057, 154.68, 2670, 50
2026/05/19 18:02:51.304, 1, 100, 67, 15632, 421.57, 2610, 81
2026/05/19 18:02:51.536, 0, 38, 8, 3057, 155.31, 2670, 51
2026/05/19 18:02:51.539, 1, 100, 67, 15632, 421.57, 2610, 81
2026/05/19 18:02:51.773, 0, 38, 8, 3057, 155.31, 2670, 51
2026/05/19 18:02:51.777, 1, 100, 67, 15632, 416.53, 2640, 83
2026/05/19 18:02:52.009, 0, 45, 11, 3057, 156.89, 2670, 50
2026/05/19 18:02:52.012, 1, 100, 67, 15632, 416.53, 2640, 83
2026/05/19 18:02:52.243, 0, 45, 11, 3057, 156.89, 2670, 50
2026/05/19 18:02:52.246, 1, 100, 70, 15632, 430.72, 2535, 84
2026/05/19 18:02:52.480, 0, 45, 11, 3057, 156.90, 2670, 51
2026/05/19 18:02:52.483, 1, 100, 70, 15634, 430.72, 2535, 84
2026/05/19 18:02:52.714, 0, 45, 11, 3057, 156.90, 2670, 51
2026/05/19 18:02:52.717, 1, 100, 70, 15635, 421.80, 2610, 85
2026/05/19 18:02:52.948, 0, 42, 9, 3057, 154.14, 2670, 50
2026/05/19 18:02:52.951, 1, 100, 70, 15635, 421.80, 2610, 85
2026/05/19 18:02:53.184, 0, 42, 9, 3057, 154.14, 2670, 50
2026/05/19 18:02:53.187, 1, 100, 72, 15638, 426.30, 2490, 81
2026/05/19 18:02:53.420, 0, 42, 9, 3057, 154.71, 2670, 49
2026/05/19 18:02:53.423, 1, 100, 72, 15648, 426.30, 2490, 81
2026/05/19 18:02:53.652, 0, 42, 9, 3057, 154.71, 2670, 49
2026/05/19 18:02:53.655, 1, 100, 72, 15637, 426.30, 2490, 81
2026/05/19 18:02:53.884, 0, 38, 8, 3057, 152.45, 2670, 49
2026/05/19 18:02:53.887, 1, 100, 72, 15663, 345.74, 2655, 69
2026/05/19 18:02:54.117, 0, 38, 8, 3057, 152.45, 2670, 49
2026/05/19 18:02:54.124, 1, 100, 72, 15665, 345.74, 2655, 69
2026/05/19 18:02:54.356, 0, 38, 8, 3057, 151.74, 2670, 50
2026/05/19 18:02:54.359, 1, 12, 2, 15667, 193.80, 2655, 66
2026/05/19 18:02:54.593, 0, 38, 8, 3057, 151.74, 2670, 50
2026/05/19 18:02:54.597, 1, 12, 2, 15667, 193.80, 2655, 66
2026/05/19 18:02:54.829, 0, 38, 8, 3057, 151.74, 2670, 50
2026/05/19 18:02:54.832, 1, 12, 2, 15671, 179.63, 2655, 77
2026/05/19 18:02:55.062, 0, 45, 11, 3057, 152.56, 2670, 50
2026/05/19 18:02:55.065, 1, 12, 2, 15673, 179.63, 2655, 77
2026/05/19 18:02:55.296, 0, 45, 11, 3057, 152.56, 2670, 50
2026/05/19 18:02:55.299, 1, 100, 73, 15673, 332.99, 2490, 82
2026/05/19 18:02:55.533, 0, 45, 11, 3057, 155.54, 2670, 49
2026/05/19 18:02:55.536, 1, 100, 73, 15674, 332.99, 2490, 82
2026/05/19 18:02:55.767, 0, 45, 11, 3057, 155.54, 2670, 49
2026/05/19 18:02:55.770, 1, 100, 73, 15674, 417.25, 2640, 79
2026/05/19 18:02:56.002, 0, 42, 9, 3057, 157.41, 2670, 50
2026/05/19 18:02:56.005, 1, 100, 73, 15675, 417.25, 2640, 79
2026/05/19 18:02:56.237, 0, 42, 9, 3057, 157.41, 2670, 50
2026/05/19 18:02:56.240, 1, 100, 71, 15686, 424.54, 2445, 83
2026/05/19 18:02:56.471, 0, 42, 9, 3057, 157.39, 2670, 49
2026/05/19 18:02:56.474, 1, 100, 71, 15732, 424.54, 2445, 83
2026/05/19 18:02:56.704, 0, 42, 9, 3057, 157.39, 2670, 49
2026/05/19 18:02:56.707, 1, 100, 71, 15678, 416.28, 2640, 81
2026/05/19 18:02:56.938, 0, 38, 8, 3057, 153.38, 2670, 49
2026/05/19 18:02:56.941, 1, 100, 71, 15753, 416.28, 2640, 81
2026/05/19 18:02:57.173, 0, 38, 8, 3057, 153.38, 2670, 49
2026/05/19 18:02:57.175, 1, 100, 71, 15753, 416.28, 2640, 81
2026/05/19 18:02:57.407, 0, 38, 8, 3057, 154.30, 2670, 50
2026/05/19 18:02:57.410, 1, 100, 69, 15753, 419.63, 2505, 79
2026/05/19 18:02:57.646, 0, 38, 8, 3057, 154.30, 2670, 50
2026/05/19 18:02:57.650, 1, 100, 69, 15701, 419.63, 2505, 79
2026/05/19 18:02:57.879, 0, 44, 11, 3057, 154.99, 2670, 51
2026/05/19 18:02:57.883, 1, 100, 69, 15704, 416.40, 2640, 81
2026/05/19 18:02:58.112, 0, 44, 11, 3057, 154.99, 2670, 51
2026/05/19 18:02:58.115, 1, 100, 69, 15716, 416.40, 2640, 81
2026/05/19 18:02:58.344, 0, 44, 11, 3057, 154.99, 2670, 51
2026/05/19 18:02:58.347, 1, 6, 0, 15716, 367.77, 2655, 70
2026/05/19 18:02:58.576, 0, 44, 11, 3057, 154.01, 2670, 49
2026/05/19 18:02:58.579, 1, 6, 0, 15705, 367.77, 2655, 70
2026/05/19 18:02:58.807, 0, 44, 11, 3057, 154.01, 2670, 49
2026/05/19 18:02:58.810, 1, 6, 0, 15682, 209.37, 2655, 66
2026/05/19 18:02:59.039, 0, 39, 8, 3057, 153.37, 2670, 49
2026/05/19 18:02:59.042, 1, 6, 0, 15668, 209.37, 2655, 66
2026/05/19 18:02:59.273, 0, 39, 8, 3057, 153.37, 2670, 49
2026/05/19 18:02:59.277, 1, 100, 68, 15668, 168.36, 2640, 81
2026/05/19 18:02:59.507, 0, 39, 8, 3057, 153.50, 2670, 50
2026/05/19 18:02:59.510, 1, 100, 68, 15668, 168.36, 2640, 81
2026/05/19 18:02:59.739, 0, 39, 8, 3057, 153.50, 2670, 50
2026/05/19 18:02:59.742, 1, 100, 68, 15666, 327.89, 2505, 82
2026/05/19 18:02:59.973, 0, 40, 10, 3057, 153.36, 2670, 51
2026/05/19 18:02:59.977, 1, 100, 68, 15666, 327.89, 2505, 82
2026/05/19 18:03:00.209, 0, 40, 10, 3057, 153.36, 2670, 51
2026/05/19 18:03:00.212, 1, 91, 63, 15654, 419.75, 2655, 79
2026/05/19 18:03:00.443, 0, 40, 10, 3057, 152.67, 2670, 50
2026/05/19 18:03:00.446, 1, 91, 63, 15641, 419.75, 2655, 79
2026/05/19 18:03:00.679, 0, 40, 10, 3057, 152.67, 2670, 50
2026/05/19 18:03:00.684, 1, 91, 63, 15632, 422.15, 2520, 83
2026/05/19 18:03:00.915, 0, 40, 11, 3057, 155.07, 2670, 50
2026/05/19 18:03:00.918, 1, 91, 63, 15631, 422.15, 2520, 83
2026/05/19 18:03:01.149, 0, 40, 11, 3057, 155.07, 2670, 50
2026/05/19 18:03:01.152, 1, 91, 63, 15619, 422.15, 2520, 83
2026/05/19 18:03:01.385, 0, 40, 11, 3057, 157.77, 2670, 52
2026/05/19 18:03:01.388, 1, 100, 61, 15573, 430.40, 2625, 83
2026/05/19 18:03:01.618, 0, 40, 11, 3057, 157.77, 2670, 52
2026/05/19 18:03:01.621, 1, 100, 61, 15567, 430.40, 2625, 83
2026/05/19 18:03:01.852, 0, 41, 8, 3057, 156.89, 2670, 50
2026/05/19 18:03:01.855, 1, 100, 61, 15567, 425.52, 2520, 80
2026/05/19 18:03:02.087, 0, 41, 8, 3057, 156.89, 2670, 50
2026/05/19 18:03:02.090, 1, 100, 61, 15569, 425.52, 2520, 80
2026/05/19 18:03:02.320, 0, 41, 8, 3057, 156.89, 2670, 50
2026/05/19 18:03:02.323, 1, 100, 66, 15573, 417.64, 2640, 81
2026/05/19 18:03:02.554, 0, 41, 8, 3057, 156.71, 2670, 50
2026/05/19 18:03:02.556, 1, 100, 66, 15579, 417.64, 2640, 81
2026/05/19 18:03:02.785, 0, 41, 8, 3057, 156.71, 2670, 50
2026/05/19 18:03:02.787, 1, 100, 66, 15580, 366.14, 2655, 71
2026/05/19 18:03:03.016, 0, 43, 11, 3057, 157.83, 2670, 51
2026/05/19 18:03:03.019, 1, 100, 66, 15569, 366.14, 2655, 71
2026/05/19 18:03:03.246, 0, 43, 11, 3057, 157.83, 2670, 51
2026/05/19 18:03:03.249, 1, 6, 0, 15569, 207.69, 2655, 67
2026/05/19 18:03:03.480, 0, 43, 11, 3057, 155.90, 2670, 49
2026/05/19 18:03:03.483, 1, 6, 0, 15569, 207.69, 2655, 67
2026/05/19 18:03:03.715, 0, 43, 11, 3057, 155.90, 2670, 49
2026/05/19 18:03:03.719, 1, 6, 0, 15569, 197.18, 2655, 82
2026/05/19 18:03:03.948, 0, 42, 8, 3057, 154.30, 2670, 50
2026/05/19 18:03:03.951, 1, 6, 0, 15569, 197.18, 2655, 82
2026/05/19 18:03:04.182, 0, 42, 8, 3057, 154.30, 2670, 50
2026/05/19 18:03:04.185, 1, 100, 66, 15566, 355.42, 2655, 82
2026/05/19 18:03:04.416, 0, 42, 8, 3057, 155.52, 2670, 50
2026/05/19 18:03:04.419, 1, 100, 66, 15560, 355.42, 2655, 82
2026/05/19 18:03:04.651, 0, 42, 8, 3057, 155.52, 2670, 50
2026/05/19 18:03:04.654, 1, 100, 66, 15560, 355.42, 2655, 82
2026/05/19 18:03:04.886, 0, 41, 8, 3057, 156.92, 2670, 50
2026/05/19 18:03:04.890, 1, 100, 66, 15560, 425.64, 2535, 79
2026/05/19 18:03:05.122, 0, 41, 8, 3057, 156.92, 2670, 50
2026/05/19 18:03:05.125, 1, 100, 66, 15561, 425.64, 2535, 79
2026/05/19 18:03:05.355, 0, 41, 8, 3057, 157.30, 2670, 50
2026/05/19 18:03:05.360, 1, 100, 68, 15561, 421.21, 2640, 85
2026/05/19 18:03:05.591, 0, 41, 8, 3057, 157.30, 2670, 50
2026/05/19 18:03:05.596, 1, 100, 68, 15560, 421.21, 2640, 85
2026/05/19 18:03:05.828, 0, 41, 8, 3057, 157.30, 2670, 50
2026/05/19 18:03:05.830, 1, 100, 68, 15559, 430.83, 2490, 84
2026/05/19 18:03:06.059, 0, 42, 8, 3057, 156.40, 2670, 50
2026/05/19 18:03:06.063, 1, 100, 68, 15554, 430.83, 2490, 84
2026/05/19 18:03:06.295, 0, 42, 8, 3057, 156.40, 2670, 50
2026/05/19 18:03:06.298, 1, 100, 69, 15548, 422.24, 2640, 85
2026/05/19 18:03:06.528, 0, 42, 8, 3057, 157.59, 2670, 50
2026/05/19 18:03:06.531, 1, 100, 69, 15549, 422.24, 2640, 85
2026/05/19 18:03:06.762, 0, 42, 8, 3057, 157.59, 2670, 50
2026/05/19 18:03:06.765, 1, 100, 69, 15549, 426.20, 2460, 84
2026/05/19 18:03:06.994, 0, 44, 11, 3057, 157.10, 2670, 50
2026/05/19 18:03:06.996, 1, 100, 69, 15522, 426.20, 2460, 84
2026/05/19 18:03:07.226, 0, 44, 11, 3057, 157.10, 2670, 50
2026/05/19 18:03:07.229, 1, 6, 0, 15522, 343.49, 2655, 70
2026/05/19 18:03:07.458, 0, 44, 11, 3057, 155.90, 2670, 49
2026/05/19 18:03:07.460, 1, 6, 0, 15522, 343.49, 2655, 70
2026/05/19 18:03:07.689, 0, 44, 11, 3057, 155.90, 2670, 49
2026/05/19 18:03:07.693, 1, 6, 0, 15522, 186.02, 2655, 67
2026/05/19 18:03:07.923, 0, 42, 11, 3057, 152.38, 2670, 49
2026/05/19 18:03:07.926, 1, 6, 0, 15487, 186.02, 2655, 67
2026/05/19 18:03:08.158, 0, 42, 11, 3057, 152.38, 2670, 49
2026/05/19 18:03:08.161, 1, 6, 0, 15488, 186.02, 2655, 67
2026/05/19 18:03:08.395, 0, 42, 11, 3057, 154.50, 2670, 50
2026/05/19 18:03:08.399, 1, 100, 70, 15488, 220.98, 2505, 82
2026/05/19 18:03:08.630, 0, 42, 11, 3057, 154.50, 2670, 50
2026/05/19 18:03:08.634, 1, 100, 70, 15484, 220.98, 2505, 82
2026/05/19 18:03:08.864, 0, 43, 11, 3057, 158.11, 2670, 50
2026/05/19 18:03:08.867, 1, 100, 70, 15484, 361.39, 2640, 80
2026/05/19 18:03:09.099, 0, 43, 11, 3057, 158.11, 2670, 50
2026/05/19 18:03:09.102, 1, 100, 70, 15484, 361.39, 2640, 80
2026/05/19 18:03:09.333, 0, 43, 11, 3057, 158.11, 2670, 50
2026/05/19 18:03:09.336, 1, 100, 71, 15484, 424.06, 2505, 82
2026/05/19 18:03:09.567, 0, 43, 11, 3057, 159.45, 2670, 50
2026/05/19 18:03:09.570, 1, 100, 71, 15484, 424.06, 2505, 82
2026/05/19 18:03:09.807, 0, 43, 11, 3057, 159.45, 2670, 50
2026/05/19 18:03:09.810, 1, 100, 71, 15490, 421.77, 2640, 83
2026/05/19 18:03:10.040, 0, 40, 11, 3057, 158.85, 2670, 50
2026/05/19 18:03:10.043, 1, 100, 71, 15490, 421.77, 2640, 83
2026/05/19 18:03:10.274, 0, 40, 11, 3057, 158.85, 2670, 50
2026/05/19 18:03:10.277, 1, 91, 63, 15528, 430.04, 2640, 86
2026/05/19 18:03:10.507, 0, 40, 11, 3057, 159.18, 2670, 52
2026/05/19 18:03:10.510, 1, 91, 63, 15528, 430.04, 2640, 86
2026/05/19 18:03:10.742, 0, 40, 11, 3057, 159.18, 2670, 52
2026/05/19 18:03:10.744, 1, 91, 63, 15528, 418.22, 2640, 80
2026/05/19 18:03:10.975, 0, 42, 11, 3057, 156.99, 2670, 52
2026/05/19 18:03:10.978, 1, 91, 63, 15528, 418.22, 2640, 80
2026/05/19 18:03:11.210, 0, 42, 11, 3057, 156.99, 2670, 52
2026/05/19 18:03:11.213, 1, 100, 74, 15529, 424.88, 2520, 86
2026/05/19 18:03:11.444, 0, 42, 11, 3057, 156.36, 2670, 50
2026/05/19 18:03:11.447, 1, 100, 74, 15529, 424.88, 2520, 86
2026/05/19 18:03:11.675, 0, 42, 11, 3057, 156.36, 2670, 50
2026/05/19 18:03:11.679, 1, 100, 74, 15528, 331.27, 2655, 70
2026/05/19 18:03:11.911, 0, 45, 11, 3057, 155.50, 2670, 50
2026/05/19 18:03:11.914, 1, 100, 74, 15528, 331.27, 2655, 70
2026/05/19 18:03:12.143, 0, 45, 11, 3057, 155.50, 2670, 50
2026/05/19 18:03:12.145, 1, 100, 74, 15528, 331.27, 2655, 70
2026/05/19 18:03:12.376, 0, 45, 11, 3057, 156.60, 2670, 50
2026/05/19 18:03:12.380, 1, 6, 0, 15528, 176.52, 2655, 67
2026/05/19 18:03:12.611, 0, 45, 11, 3057, 156.60, 2670, 50
2026/05/19 18:03:12.614, 1, 6, 0, 15520, 176.52, 2655, 67
2026/05/19 18:03:12.846, 0, 45, 11, 3057, 157.70, 2670, 51
2026/05/19 18:03:12.849, 1, 6, 0, 15520, 223.99, 2640, 86
2026/05/19 18:03:13.078, 0, 46, 11, 3057, 157.70, 2670, 51
2026/05/19 18:03:13.081, 1, 6, 0, 15520, 223.99, 2640, 86
2026/05/19 18:03:13.311, 0, 46, 11, 3057, 157.70, 2670, 51
2026/05/19 18:03:13.315, 1, 100, 69, 15518, 386.02, 2490, 84
2026/05/19 18:03:13.547, 0, 46, 11, 3057, 154.82, 2670, 49
2026/05/19 18:03:13.549, 1, 100, 69, 15523, 386.02, 2490, 84
2026/05/19 18:03:13.780, 0, 46, 11, 3057, 154.82, 2670, 49
2026/05/19 18:03:13.783, 1, 100, 69, 15523, 426.73, 2625, 85
2026/05/19 18:03:14.016, 0, 44, 9, 3057, 156.39, 2670, 50
2026/05/19 18:03:14.018, 1, 100, 69, 15524, 426.73, 2625, 85
2026/05/19 18:03:14.247, 0, 44, 9, 3057, 156.39, 2670, 50
2026/05/19 18:03:14.250, 1, 100, 69, 15525, 427.79, 2505, 82
2026/05/19 18:03:14.481, 0, 44, 9, 3057, 156.87, 2670, 50
2026/05/19 18:03:14.484, 1, 100, 69, 15526, 427.79, 2505, 82
2026/05/19 18:03:14.715, 0, 44, 9, 3057, 156.87, 2670, 50
2026/05/19 18:03:14.718, 1, 100, 69, 15525, 425.74, 2640, 80
2026/05/19 18:03:14.949, 0, 46, 9, 3057, 157.65, 2670, 50
2026/05/19 18:03:14.952, 1, 100, 69, 15525, 425.74, 2640, 80
2026/05/19 18:03:15.183, 0, 46, 9, 3057, 157.65, 2670, 50
2026/05/19 18:03:15.186, 1, 100, 69, 15526, 425.43, 2505, 84
2026/05/19 18:03:15.415, 0, 46, 9, 3057, 156.66, 2670, 50
2026/05/19 18:03:15.418, 1, 100, 69, 15526, 425.43, 2505, 84
2026/05/19 18:03:15.649, 0, 46, 9, 3057, 156.66, 2670, 50
2026/05/19 18:03:15.652, 1, 100, 69, 15526, 425.43, 2505, 84
2026/05/19 18:03:15.883, 0, 41, 11, 3057, 155.80, 2670, 50
2026/05/19 18:03:15.887, 1, 100, 69, 15532, 423.05, 2640, 84
2026/05/19 18:03:16.118, 0, 41, 11, 3057, 155.80, 2670, 50
2026/05/19 18:03:16.159, 1, 100, 69, 15532, 423.05, 2640, 84
2026/05/19 18:03:16.387, 0, 41, 11, 3057, 154.68, 2670, 49
2026/05/19 18:03:16.391, 1, 6, 0, 15532, 305.78, 2655, 70
2026/05/19 18:03:16.619, 0, 41, 11, 3057, 154.68, 2670, 49
2026/05/19 18:03:16.622, 1, 6, 0, 15532, 305.78, 2655, 70
2026/05/19 18:03:16.852, 0, 43, 8, 3057, 154.44, 2670, 49
2026/05/19 18:03:16.855, 1, 6, 0, 15529, 157.88, 2655, 67
2026/05/19 18:03:17.086, 0, 43, 8, 3057, 154.44, 2670, 49
2026/05/19 18:03:17.089, 1, 6, 0, 15529, 157.88, 2655, 67
2026/05/19 18:03:17.320, 0, 43, 8, 3057, 154.44, 2670, 49
2026/05/19 18:03:17.322, 1, 100, 66, 15529, 234.22, 2640, 80
2026/05/19 18:03:17.552, 0, 43, 8, 3057, 155.05, 2670, 50
2026/05/19 18:03:17.556, 1, 100, 66, 15529, 234.22, 2640, 80
2026/05/19 18:03:17.791, 0, 43, 8, 3057, 155.05, 2670, 50
2026/05/19 18:03:17.795, 1, 100, 66, 15526, 391.44, 2565, 85
2026/05/19 18:03:18.027, 0, 43, 11, 3057, 155.69, 2670, 50
2026/05/19 18:03:18.030, 1, 100, 66, 15520, 391.44, 2565, 85
2026/05/19 18:03:18.263, 0, 43, 11, 3057, 155.69, 2670, 50
2026/05/19 18:03:18.265, 1, 100, 67, 15520, 418.09, 2640, 82
2026/05/19 18:03:18.497, 0, 43, 11, 3057, 154.83, 2670, 50
2026/05/19 18:03:18.500, 1, 100, 67, 15520, 418.09, 2640, 82
2026/05/19 18:03:18.730, 0, 43, 11, 3057, 154.83, 2670, 50
2026/05/19 18:03:18.733, 1, 100, 67, 15520, 424.30, 2505, 85
2026/05/19 18:03:18.966, 0, 44, 9, 3057, 154.35, 2670, 50
2026/05/19 18:03:18.968, 1, 100, 67, 15519, 424.30, 2505, 85
2026/05/19 18:03:19.200, 0, 44, 9, 3057, 154.35, 2670, 50
2026/05/19 18:03:19.203, 1, 100, 69, 15519, 417.20, 2640, 80
2026/05/19 18:03:19.434, 0, 44, 9, 3057, 156.20, 2670, 51
2026/05/19 18:03:19.438, 1, 100, 69, 15519, 417.20, 2640, 80
2026/05/19 18:03:19.674, 0, 44, 9, 3057, 156.20, 2670, 51
2026/05/19 18:03:19.677, 1, 100, 69, 15519, 417.20, 2640, 80
2026/05/19 18:03:19.909, 0, 46, 11, 3057, 156.74, 2670, 50
2026/05/19 18:03:19.912, 1, 100, 69, 15520, 423.85, 2475, 87
2026/05/19 18:03:20.143, 0, 46, 11, 3057, 156.74, 2670, 50
2026/05/19 18:03:20.145, 1, 100, 69, 15520, 423.85, 2475, 87
2026/05/19 18:03:20.374, 0, 46, 11, 3057, 157.87, 2670, 50
2026/05/19 18:03:20.377, 1, 100, 64, 15514, 425.06, 2565, 84
2026/05/19 18:03:20.607, 0, 46, 11, 3057, 157.87, 2670, 50
2026/05/19 18:03:20.611, 1, 100, 64, 15514, 425.06, 2565, 84
2026/05/19 18:03:20.841, 0, 46, 11, 3057, 157.87, 2670, 50
2026/05/19 18:03:20.844, 1, 100, 64, 15514, 304.71, 2655, 70
2026/05/19 18:03:21.073, 0, 45, 12, 3057, 156.02, 2670, 50
2026/05/19 18:03:21.076, 1, 100, 64, 15514, 304.71, 2655, 70
2026/05/19 18:03:21.304, 0, 45, 12, 3057, 156.02, 2670, 50
2026/05/19 18:03:21.307, 1, 8, 0, 15514, 142.16, 2655, 68
2026/05/19 18:03:21.537, 0, 45, 12, 3057, 156.12, 2670, 50
2026/05/19 18:03:21.541, 1, 8, 0, 15514, 142.16, 2655, 68
2026/05/19 18:03:21.774, 0, 45, 12, 3057, 156.12, 2670, 50
2026/05/19 18:03:21.777, 1, 8, 0, 15514, 233.63, 2640, 81
2026/05/19 18:03:22.007, 0, 42, 9, 3057, 155.97, 2670, 50
2026/05/19 18:03:22.010, 1, 8, 0, 15507, 233.63, 2640, 81
2026/05/19 18:03:22.241, 0, 42, 9, 3057, 155.97, 2670, 50
2026/05/19 18:03:22.244, 1, 100, 74, 15507, 393.80, 2520, 85
2026/05/19 18:03:22.473, 0, 42, 9, 3057, 155.67, 2670, 51
2026/05/19 18:03:22.476, 1, 100, 74, 15507, 393.80, 2520, 85
2026/05/19 18:03:22.706, 0, 42, 9, 3057, 155.67, 2670, 51
2026/05/19 18:03:22.709, 1, 100, 74, 15507, 420.17, 2640, 85
2026/05/19 18:03:22.940, 0, 43, 9, 3057, 155.81, 2670, 50
2026/05/19 18:03:22.943, 1, 100, 74, 15507, 420.17, 2640, 85
2026/05/19 18:03:23.176, 0, 43, 9, 3057, 155.81, 2670, 50
2026/05/19 18:03:23.179, 1, 100, 74, 15505, 420.17, 2430, 85
2026/05/19 18:03:23.409, 0, 43, 9, 3057, 156.43, 2670, 50
2026/05/19 18:03:23.412, 1, 100, 71, 15505, 425.96, 2430, 85
2026/05/19 18:03:23.642, 0, 43, 9, 3057, 156.43, 2670, 50
2026/05/19 18:03:23.645, 1, 100, 71, 15505, 425.96, 2430, 85
2026/05/19 18:03:23.877, 0, 45, 10, 3057, 156.53, 2670, 50
2026/05/19 18:03:23.880, 1, 100, 71, 15505, 421.09, 2640, 81
2026/05/19 18:03:24.110, 0, 45, 10, 3057, 156.53, 2670, 50
2026/05/19 18:03:24.113, 1, 100, 71, 15505, 421.09, 2640, 81
2026/05/19 18:03:24.346, 0, 45, 10, 3057, 156.53, 2670, 50
2026/05/19 18:03:24.348, 1, 100, 71, 15505, 426.04, 2505, 85
2026/05/19 18:03:24.580, 0, 45, 10, 3057, 157.04, 2670, 50
2026/05/19 18:03:24.583, 1, 100, 71, 15505, 426.04, 2505, 85
2026/05/19 18:03:24.814, 0, 45, 10, 3057, 157.04, 2670, 50
2026/05/19 18:03:24.818, 1, 100, 71, 15505, 420.81, 2640, 84
2026/05/19 18:03:25.046, 0, 42, 11, 3057, 158.24, 2670, 51
2026/05/19 18:03:25.051, 1, 100, 71, 15495, 420.81, 2640, 84
2026/05/19 18:03:25.279, 0, 42, 11, 3057, 158.24, 2670, 51
2026/05/19 18:03:25.282, 1, 6, 0, 15477, 307.02, 2655, 70
2026/05/19 18:03:25.511, 0, 42, 11, 3057, 155.70, 2670, 50
2026/05/19 18:03:25.514, 1, 6, 0, 15477, 307.02, 2655, 70
2026/05/19 18:03:25.744, 0, 42, 11, 3057, 155.70, 2670, 50
2026/05/19 18:03:25.747, 1, 6, 0, 15477, 147.17, 2655, 68
2026/05/19 18:03:25.977, 0, 47, 12, 3057, 158.29, 2670, 51
2026/05/19 18:03:25.980, 1, 6, 0, 15477, 147.17, 2655, 68
2026/05/19 18:03:26.211, 0, 47, 12, 3057, 158.29, 2670, 51
2026/05/19 18:03:26.213, 1, 100, 65, 15477, 235.74, 2610, 79
2026/05/19 18:03:26.445, 0, 47, 12, 3057, 156.97, 2670, 50
2026/05/19 18:03:26.448, 1, 100, 65, 15477, 235.74, 2610, 79
2026/05/19 18:03:26.680, 0, 47, 12, 3057, 156.97, 2670, 50
2026/05/19 18:03:26.683, 1, 100, 65, 15477, 395.93, 2520, 86
2026/05/19 18:03:26.913, 0, 45, 12, 3057, 156.85, 2670, 51
2026/05/19 18:03:26.916, 1, 100, 65, 15477, 395.93, 2520, 86
2026/05/19 18:03:27.148, 0, 45, 12, 3057, 156.85, 2670, 51
2026/05/19 18:03:27.152, 1, 100, 65, 15477, 395.93, 2520, 86
2026/05/19 18:03:27.384, 0, 45, 12, 3057, 158.94, 2670, 50
2026/05/19 18:03:27.386, 1, 100, 65, 15477, 420.85, 2640, 86
2026/05/19 18:03:27.617, 0, 45, 12, 3057, 158.94, 2670, 50
2026/05/19 18:03:27.619, 1, 100, 65, 15478, 420.85, 2640, 86
2026/05/19 18:03:27.852, 0, 47, 12, 3057, 157.57, 2670, 52
2026/05/19 18:03:27.855, 1, 100, 65, 15478, 426.26, 2520, 88
2026/05/19 18:03:28.086, 0, 47, 12, 3057, 157.57, 2670, 52
2026/05/19 18:03:28.089, 1, 100, 65, 15492, 426.26, 2520, 88
2026/05/19 18:03:28.321, 0, 47, 12, 3057, 157.57, 2670, 52
2026/05/19 18:03:28.324, 1, 95, 66, 15492, 421.58, 2640, 82
2026/05/19 18:03:28.554, 0, 47, 12, 3057, 155.04, 2670, 50
2026/05/19 18:03:28.557, 1, 95, 66, 15492, 421.58, 2640, 82
2026/05/19 18:03:28.787, 0, 47, 12, 3057, 155.04, 2670, 50
2026/05/19 18:03:28.790, 1, 95, 66, 15492, 424.61, 2535, 85
2026/05/19 18:03:29.021, 0, 44, 9, 3057, 155.90, 2670, 51
2026/05/19 18:03:29.024, 1, 95, 66, 15492, 424.61, 2535, 85
2026/05/19 18:03:29.257, 0, 44, 9, 3057, 155.90, 2670, 51
2026/05/19 18:03:29.261, 1, 100, 60, 15492, 427.95, 2550, 85
2026/05/19 18:03:29.490, 0, 44, 9, 3057, 156.07, 2670, 50
2026/05/19 18:03:29.495, 1, 100, 60, 15494, 427.95, 2550, 85
2026/05/19 18:03:29.725, 0, 44, 9, 3057, 156.07, 2670, 50
2026/05/19 18:03:29.728, 1, 100, 60, 15494, 310.82, 2655, 71
2026/05/19 18:03:29.957, 0, 44, 12, 3057, 155.38, 2670, 51
2026/05/19 18:03:29.960, 1, 100, 60, 15494, 310.82, 2655, 71
2026/05/19 18:03:30.192, 0, 44, 12, 3057, 155.38, 2670, 51
2026/05/19 18:03:30.195, 1, 8, 0, 15488, 148.36, 2655, 68
2026/05/19 18:03:30.425, 0, 44, 12, 3057, 152.68, 2670, 50
2026/05/19 18:03:30.428, 1, 8, 0, 15488, 148.36, 2655, 68
2026/05/19 18:03:30.658, 0, 44, 12, 3057, 152.68, 2670, 50
2026/05/19 18:03:30.661, 1, 8, 0, 15488, 148.36, 2655, 68
2026/05/19 18:03:30.891, 0, 43, 9, 3057, 155.14, 2670, 51
2026/05/19 18:03:30.894, 1, 8, 0, 15488, 234.76, 2640, 82
2026/05/19 18:03:31.125, 0, 43, 9, 3057, 155.14, 2670, 51
2026/05/19 18:03:31.128, 1, 8, 0, 15488, 234.76, 2640, 82
2026/05/19 18:03:31.358, 0, 43, 9, 3057, 156.82, 2670, 51
2026/05/19 18:03:31.361, 1, 100, 76, 15488, 394.50, 2505, 85
2026/05/19 18:03:31.631, 0, 43, 9, 3057, 156.82, 2670, 51
2026/05/19 18:03:31.634, 1, 100, 76, 15488, 394.50, 2505, 85
2026/05/19 18:03:31.864, 0, 0, 0, 3057, 123.04, 2670, 46
2026/05/19 18:03:31.869, 1, 100, 76, 15488, 421.69, 2565, 87
2026/05/19 18:03:32.098, 0, 0, 0, 3057, 123.04, 2670, 46
2026/05/19 18:03:32.101, 1, 100, 76, 15488, 421.69, 2565, 87
2026/05/19 18:03:32.332, 0, 0, 0, 3057, 123.04, 2670, 46
2026/05/19 18:03:32.334, 1, 100, 69, 15488, 421.26, 2460, 83
2026/05/19 18:03:32.563, 0, 0, 0, 3057, 81.97, 2670, 45
2026/05/19 18:03:32.565, 1, 100, 69, 15488, 421.26, 2460, 83
2026/05/19 18:03:32.795, 0, 0, 0, 3057, 81.97, 2670, 45
2026/05/19 18:03:32.798, 1, 100, 69, 15488, 413.38, 2640, 82
2026/05/19 18:03:33.028, 0, 0, 0, 3057, 68.88, 2670, 45
2026/05/19 18:03:33.030, 1, 100, 69, 15488, 413.38, 2640, 82
2026/05/19 18:03:33.259, 0, 0, 0, 3057, 68.88, 2670, 45
2026/05/19 18:03:33.262, 1, 100, 70, 15474, 419.68, 2415, 84
2026/05/19 18:03:33.526, 0, 0, 0, 3057, 68.39, 2565, 44
2026/05/19 18:03:33.528, 1, 100, 70, 3090, 419.68, 2415, 84
2026/05/19 18:03:33.757, 0, 0, 0, 3057, 68.39, 2565, 44
2026/05/19 18:03:33.759, 1, 100, 70, 3090, 336.75, 2655, 72
2026/05/19 18:03:33.988, 0, 0, 0, 3057, 65.47, 2565, 44
2026/05/19 18:03:33.990, 1, 100, 70, 3090, 336.75, 2655, 72
2026/05/19 18:03:34.219, 0, 0, 0, 3057, 65.47, 2565, 44
2026/05/19 18:03:34.222, 1, 4, 0, 3090, 190.71, 2655, 69
2026/05/19 18:03:34.450, 0, 0, 0, 3057, 63.53, 2565, 44
2026/05/19 18:03:34.453, 1, 4, 0, 3090, 190.71, 2655, 69
2026/05/19 18:03:34.681, 0, 0, 0, 3057, 63.53, 2565, 44
2026/05/19 18:03:34.684, 1, 4, 0, 3090, 83.98, 2655, 68
2026/05/19 18:03:34.911, 0, 0, 0, 3057, 63.54, 2565, 44
2026/05/19 18:03:34.913, 1, 4, 0, 3090, 83.98, 2655, 68
2026/05/19 18:03:35.147, 0, 0, 0, 3057, 63.54, 2565, 44
2026/05/19 18:03:35.150, 1, 4, 0, 3090, 83.98, 2655, 68
2026/05/19 18:03:35.377, 0, 0, 0, 3057, 63.24, 2565, 44
2026/05/19 18:03:35.381, 1, 6, 0, 3090, 81.00, 2655, 67
2026/05/19 18:03:35.608, 0, 0, 0, 3057, 63.24, 2565, 44
2026/05/19 18:03:35.611, 1, 6, 0, 3090, 81.00, 2655, 67
2026/05/19 18:03:35.838, 0, 0, 0, 3057, 63.24, 2565, 44
2026/05/19 18:03:35.841, 1, 6, 0, 3090, 77.11, 855, 66
2026/05/19 18:03:36.073, 0, 0, 0, 3057, 63.33, 2565, 44
2026/05/19 18:03:36.076, 1, 6, 0, 3089, 77.11, 855, 66
2026/05/19 18:03:36.305, 0, 0, 0, 3057, 63.33, 2565, 44
2026/05/19 18:03:36.308, 1, 7, 0, 3089, 59.93, 735, 65
2026/05/19 18:03:36.536, 0, 0, 0, 3057, 63.28, 2565, 44
2026/05/19 18:03:36.539, 1, 7, 0, 3117, 59.93, 735, 65
2026/05/19 18:03:36.844, 0, 0, 0, 579, 63.28, 2565, 44
2026/05/19 18:03:36.847, 1, 7, 0, 3003, 45.89, 615, 64
