timestamp, utilization.gpu [%], utilization.memory [%], power.draw [W], memory.used [MiB], temperature.gpu
2026/05/10 16:32:54.368, 0 %, 0 %, 29.22 W, 0 MiB, 45
2026/05/10 16:32:54.577, 0 %, 0 %, 26.36 W, 0 MiB, 45
2026/05/10 16:32:54.781, [Unknown Error], [Unknown Error], 4698.29 W, 0 MiB, 45
2026/05/10 16:32:55.783, 0 %, 0 %, 29.13 W, 0 MiB, 45
2026/05/10 16:32:55.990, 0 %, 0 %, 27.75 W, 0 MiB, 46
2026/05/10 16:32:56.192, 0 %, 0 %, 26.14 W, 0 MiB, 46
2026/05/10 16:32:56.393, [Unknown Error], [Unknown Error], 4472.91 W, 0 MiB, 46
2026/05/10 16:32:57.397, 0 %, 0 %, 29.17 W, 0 MiB, 46
2026/05/10 16:32:57.606, 0 %, 0 %, 25.83 W, 0 MiB, 46
2026/05/10 16:32:57.807, 0 %, 0 %, 26.39 W, 0 MiB, 46
2026/05/10 16:32:58.008, [Unknown Error], [Unknown Error], 4270.82 W, 0 MiB, 46
2026/05/10 16:32:59.017, 0 %, 0 %, 29.18 W, 0 MiB, 46
2026/05/10 16:32:59.222, 0 %, 0 %, 29.35 W, 0 MiB, 46
2026/05/10 16:32:59.429, 1 %, 0 %, 27.94 W, 254 MiB, 46
2026/05/10 16:32:59.630, 2 %, 0 %, 25.79 W, 318 MiB, 46
2026/05/10 16:32:59.835, 1 %, 0 %, 25.91 W, 254 MiB, 46
2026/05/10 16:33:00.036, 0 %, 0 %, 25.86 W, 254 MiB, 46
2026/05/10 16:33:00.237, 0 %, 0 %, 26.41 W, 254 MiB, 46
2026/05/10 16:33:00.440, 0 %, 0 %, 24.37 W, 254 MiB, 46
2026/05/10 16:33:00.641, 0 %, 0 %, 24.48 W, 254 MiB, 46
2026/05/10 16:33:00.843, 1 %, 0 %, 24.78 W, 254 MiB, 46
2026/05/10 16:33:01.044, 0 %, 0 %, 24.65 W, 254 MiB, 46
2026/05/10 16:33:01.246, 0 %, 0 %, 24.89 W, 254 MiB, 46
2026/05/10 16:33:01.448, 0 %, 0 %, 24.53 W, 254 MiB, 46
2026/05/10 16:33:01.649, 0 %, 0 %, 24.63 W, 254 MiB, 46
2026/05/10 16:33:01.851, 0 %, 0 %, 24.68 W, 254 MiB, 46
2026/05/10 16:33:02.052, 0 %, 0 %, 24.62 W, 254 MiB, 46
2026/05/10 16:33:02.258, 0 %, 0 %, 24.58 W, 254 MiB, 46
2026/05/10 16:33:02.460, 0 %, 0 %, 24.54 W, 254 MiB, 46
2026/05/10 16:33:02.661, 0 %, 0 %, 24.58 W, 254 MiB, 46
2026/05/10 16:33:02.865, 0 %, 0 %, 25.15 W, 254 MiB, 46
2026/05/10 16:33:03.067, 0 %, 0 %, 24.54 W, 254 MiB, 46
2026/05/10 16:33:03.268, 0 %, 0 %, 24.44 W, 254 MiB, 46
2026/05/10 16:33:03.469, 0 %, 0 %, 24.48 W, 254 MiB, 46
2026/05/10 16:33:03.671, 0 %, 0 %, 40.25 W, 690 MiB, 46
2026/05/10 16:33:03.873, 8 %, 1 %, 27.20 W, 692 MiB, 46
2026/05/10 16:33:04.074, 0 %, 0 %, 24.56 W, 692 MiB, 47
2026/05/10 16:33:04.275, 0 %, 0 %, 24.67 W, 692 MiB, 47
2026/05/10 16:33:04.477, 1 %, 0 %, 24.89 W, 702 MiB, 47
2026/05/10 16:33:04.678, 2 %, 0 %, 25.69 W, 741 MiB, 46
2026/05/10 16:33:04.880, 1 %, 0 %, 24.74 W, 763 MiB, 46
2026/05/10 16:33:05.081, 1 %, 0 %, 35.63 W, 811 MiB, 46
2026/05/10 16:33:05.283, 2 %, 0 %, 26.13 W, 842 MiB, 46
2026/05/10 16:33:05.485, 1 %, 0 %, 25.52 W, 842 MiB, 46
2026/05/10 16:33:08.445, 0 %, 0 %, 24.82 W, 866 MiB, 46
2026/05/10 16:33:08.648, 1 %, 0 %, 25.72 W, 868 MiB, 47
2026/05/10 16:33:08.855, 0 %, 0 %, 25.31 W, 868 MiB, 47
2026/05/10 16:33:09.056, 0 %, 0 %, 24.83 W, 868 MiB, 47
2026/05/10 16:33:09.258, 0 %, 0 %, 32.22 W, 902 MiB, 47
2026/05/10 16:33:09.473, 0 %, 0 %, 24.84 W, 916 MiB, 47
2026/05/10 16:33:09.675, 4 %, 1 %, 25.81 W, 1168 MiB, 47
2026/05/10 16:33:09.876, 2 %, 0 %, 37.70 W, 1172 MiB, 47
2026/05/10 16:33:10.078, 3 %, 0 %, 25.58 W, 1172 MiB, 47
2026/05/10 16:33:10.280, 0 %, 0 %, 24.94 W, 1172 MiB, 47
2026/05/10 16:33:10.481, 0 %, 0 %, 34.53 W, 1190 MiB, 47
2026/05/10 16:33:10.683, 0 %, 0 %, 25.59 W, 1196 MiB, 47
2026/05/10 16:33:10.884, 0 %, 0 %, 24.72 W, 1196 MiB, 47
2026/05/10 16:33:11.085, 7 %, 1 %, 26.39 W, 1200 MiB, 47
2026/05/10 16:33:11.287, 0 %, 0 %, 25.08 W, 1200 MiB, 47
2026/05/10 16:33:11.488, 0 %, 0 %, 24.90 W, 1200 MiB, 47
2026/05/10 16:33:11.690, 0 %, 0 %, 19.33 W, 1222 MiB, 47
2026/05/10 16:33:11.896, 1 %, 0 %, 19.09 W, 1222 MiB, 47
2026/05/10 16:33:12.098, 0 %, 0 %, 18.41 W, 1222 MiB, 47
2026/05/10 16:33:12.300, 0 %, 0 %, 132.88 W, 1442 MiB, 52
2026/05/10 16:33:12.516, 36 %, 21 %, 19.75 W, 1442 MiB, 52
2026/05/10 16:33:12.718, 0 %, 0 %, 18.28 W, 1442 MiB, 52
2026/05/10 16:33:12.924, 43 %, 28 %, 94.14 W, 1698 MiB, 47
2026/05/10 16:33:13.131, 98 %, 63 %, 87.17 W, 1698 MiB, 47
2026/05/10 16:33:13.333, 96 %, 47 %, 169.62 W, 1698 MiB, 47
2026/05/10 16:33:13.534, 96 %, 22 %, 172.83 W, 1698 MiB, 57
2026/05/10 16:33:13.736, 68 %, 16 %, 95.13 W, 1864 MiB, 57
2026/05/10 16:33:13.938, 2 %, 1 %, 20.02 W, 1946 MiB, 57
2026/05/10 16:33:14.140, 0 %, 0 %, 19.64 W, 1946 MiB, 49
2026/05/10 16:33:14.342, 0 %, 0 %, 20.41 W, 1946 MiB, 49
2026/05/10 16:33:14.544, 0 %, 0 %, 19.41 W, 1946 MiB, 49
2026/05/10 16:33:14.748, 0 %, 0 %, 18.47 W, 1946 MiB, 48
2026/05/10 16:33:14.952, 0 %, 0 %, 17.31 W, 1946 MiB, 48
2026/05/10 16:33:15.154, 0 %, 0 %, 17.22 W, 1946 MiB, 48
2026/05/10 16:33:15.356, 0 %, 0 %, 17.46 W, 1946 MiB, 47
2026/05/10 16:33:15.563, 0 %, 0 %, 17.43 W, 1946 MiB, 47
2026/05/10 16:33:15.765, 0 %, 0 %, 17.34 W, 1946 MiB, 47
2026/05/10 16:33:15.967, 0 %, 0 %, 17.10 W, 1946 MiB, 47
2026/05/10 16:33:16.169, 0 %, 0 %, 17.21 W, 1946 MiB, 47
2026/05/10 16:33:16.371, 0 %, 0 %, 16.80 W, 1946 MiB, 47
2026/05/10 16:33:16.580, 0 %, 0 %, 17.17 W, 1946 MiB, 47
2026/05/10 16:33:16.781, 0 %, 0 %, 17.95 W, 1946 MiB, 47
2026/05/10 16:33:16.983, 0 %, 0 %, 17.24 W, 1946 MiB, 47
2026/05/10 16:33:17.190, 0 %, 0 %, 16.86 W, 1946 MiB, 47
2026/05/10 16:33:17.392, 0 %, 0 %, 17.12 W, 1946 MiB, 47
2026/05/10 16:33:17.597, 0 %, 0 %, 17.07 W, 1946 MiB, 47
2026/05/10 16:33:17.798, 0 %, 0 %, 17.16 W, 1946 MiB, 47
2026/05/10 16:33:18.003, 0 %, 0 %, 17.16 W, 1946 MiB, 47
2026/05/10 16:33:18.205, 0 %, 0 %, 16.90 W, 1946 MiB, 47
2026/05/10 16:33:18.410, 0 %, 0 %, 17.14 W, 1946 MiB, 47
2026/05/10 16:33:18.622, 0 %, 0 %, 17.28 W, 1946 MiB, 47
2026/05/10 16:33:18.824, 0 %, 0 %, 17.08 W, 1946 MiB, 47
2026/05/10 16:33:19.025, 0 %, 0 %, 16.93 W, 1946 MiB, 47
2026/05/10 16:33:19.227, 0 %, 0 %, 17.20 W, 1946 MiB, 47
2026/05/10 16:33:19.429, 0 %, 0 %, 17.20 W, 1946 MiB, 47
2026/05/10 16:33:19.631, 0 %, 0 %, 17.06 W, 1946 MiB, 47
2026/05/10 16:33:19.833, 0 %, 0 %, 17.23 W, 1946 MiB, 47
2026/05/10 16:33:20.034, 0 %, 0 %, 12.81 W, 1946 MiB, 47
2026/05/10 16:33:20.237, 0 %, 0 %, 13.82 W, 1946 MiB, 47
2026/05/10 16:33:20.445, 0 %, 0 %, 13.61 W, 1946 MiB, 47
2026/05/10 16:33:20.648, 57 %, 5 %, 24.96 W, 2170 MiB, 47
2026/05/10 16:33:20.851, 78 %, 11 %, 25.53 W, 3148 MiB, 47
2026/05/10 16:33:21.053, 36 %, 2 %, 35.77 W, 4242 MiB, 48
2026/05/10 16:33:21.256, 82 %, 11 %, 46.80 W, 5166 MiB, 48
2026/05/10 16:33:21.458, 57 %, 12 %, 110.39 W, 5626 MiB, 48
2026/05/10 16:33:21.660, 22 %, 4 %, 95.36 W, 5626 MiB, 53
2026/05/10 16:33:21.866, 12 %, 4 %, 75.49 W, 1832 MiB, 53
2026/05/10 16:33:22.074, 0 %, 0 %, 49.94 W, 1832 MiB, 50
2026/05/10 16:33:22.276, 0 %, 0 %, 24.20 W, 1832 MiB, 50
2026/05/10 16:33:22.477, 0 %, 0 %, 24.00 W, 1832 MiB, 50
2026/05/10 16:33:22.679, 0 %, 0 %, 24.27 W, 1832 MiB, 49
2026/05/10 16:33:22.880, 0 %, 0 %, 22.94 W, 1832 MiB, 49
2026/05/10 16:33:23.081, 0 %, 0 %, 17.26 W, 1832 MiB, 49
2026/05/10 16:33:23.284, 0 %, 0 %, 19.25 W, 1832 MiB, 48
2026/05/10 16:33:23.486, 0 %, 0 %, 17.65 W, 1832 MiB, 48
2026/05/10 16:33:23.688, 0 %, 0 %, 17.37 W, 1832 MiB, 48
2026/05/10 16:33:23.890, 0 %, 0 %, 17.09 W, 1832 MiB, 48
2026/05/10 16:33:24.093, 0 %, 0 %, 17.36 W, 1832 MiB, 48
2026/05/10 16:33:24.295, 0 %, 0 %, 17.21 W, 1832 MiB, 48
2026/05/10 16:33:24.501, 0 %, 0 %, 17.21 W, 1832 MiB, 48
2026/05/10 16:33:24.703, 0 %, 0 %, 16.82 W, 1832 MiB, 48
2026/05/10 16:33:24.914, 0 %, 0 %, 17.41 W, 1832 MiB, 48
2026/05/10 16:33:25.116, 0 %, 0 %, 17.41 W, 1832 MiB, 48
2026/05/10 16:33:25.317, 0 %, 0 %, 17.41 W, 1832 MiB, 48
2026/05/10 16:33:25.519, 0 %, 0 %, 17.41 W, 1832 MiB, 48
2026/05/10 16:33:25.726, 0 %, 0 %, 17.39 W, 1832 MiB, 48
2026/05/10 16:33:25.928, 0 %, 0 %, 16.40 W, 1832 MiB, 48
2026/05/10 16:33:26.133, 0 %, 0 %, 16.08 W, 1832 MiB, 48
2026/05/10 16:33:26.335, 0 %, 0 %, 15.78 W, 1832 MiB, 48
2026/05/10 16:33:26.537, 0 %, 0 %, 16.03 W, 1832 MiB, 48
2026/05/10 16:33:26.740, 0 %, 12 %, 13.91 W, 1832 MiB, 48
2026/05/10 16:33:26.942, 0 %, 0 %, 13.91 W, 1832 MiB, 48
2026/05/10 16:33:27.143, 0 %, 0 %, 13.91 W, 1832 MiB, 48
2026/05/10 16:33:27.346, 0 %, 0 %, 13.91 W, 1832 MiB, 48
2026/05/10 16:33:27.547, 0 %, 0 %, 8.82 W, 1832 MiB, 48
2026/05/10 16:33:27.750, 0 %, 0 %, 8.17 W, 1832 MiB, 48
2026/05/10 16:33:27.953, 0 %, 0 %, 9.84 W, 1832 MiB, 48
2026/05/10 16:33:28.156, 0 %, 0 %, 8.92 W, 1832 MiB, 48
2026/05/10 16:33:28.358, 0 %, 0 %, 8.65 W, 1832 MiB, 48
2026/05/10 16:33:28.561, 0 %, 0 %, 8.95 W, 1832 MiB, 48
2026/05/10 16:33:28.765, 0 %, 0 %, 18.07 W, 1832 MiB, 48
2026/05/10 16:33:28.970, 84 %, 7 %, 25.30 W, 2584 MiB, 48
2026/05/10 16:33:29.171, 40 %, 3 %, 28.38 W, 3614 MiB, 48
2026/05/10 16:33:29.374, 82 %, 11 %, 37.59 W, 4774 MiB, 48
2026/05/10 16:33:29.576, 38 %, 4 %, 159.50 W, 5596 MiB, 49
2026/05/10 16:33:29.778, 58 %, 19 %, 110.17 W, 5596 MiB, 49
2026/05/10 16:33:29.979, 0 %, 0 %, 24.97 W, 1750 MiB, 49
2026/05/10 16:33:30.181, 9 %, 3 %, 84.13 W, 1978 MiB, 50
2026/05/10 16:33:30.383, 0 %, 0 %, 24.33 W, 1978 MiB, 50
2026/05/10 16:33:30.587, 0 %, 0 %, 24.15 W, 1978 MiB, 50
2026/05/10 16:33:30.788, 0 %, 0 %, 24.44 W, 1978 MiB, 50
2026/05/10 16:33:30.990, 0 %, 0 %, 24.52 W, 1978 MiB, 50
2026/05/10 16:33:31.192, 0 %, 0 %, 18.99 W, 1978 MiB, 50
2026/05/10 16:33:31.393, 0 %, 0 %, 18.29 W, 1978 MiB, 49
2026/05/10 16:33:31.596, 0 %, 0 %, 17.16 W, 1978 MiB, 49
2026/05/10 16:33:31.802, 0 %, 0 %, 17.87 W, 1978 MiB, 48
2026/05/10 16:33:32.005, 0 %, 0 %, 17.45 W, 1978 MiB, 48
2026/05/10 16:33:32.210, 0 %, 0 %, 17.16 W, 1978 MiB, 48
2026/05/10 16:33:32.414, 0 %, 0 %, 17.38 W, 1978 MiB, 48
2026/05/10 16:33:32.616, 0 %, 0 %, 17.38 W, 1978 MiB, 48
2026/05/10 16:33:32.825, 0 %, 0 %, 17.43 W, 1978 MiB, 48
2026/05/10 16:33:33.027, 0 %, 0 %, 16.68 W, 1978 MiB, 48
2026/05/10 16:33:33.240, 0 %, 0 %, 17.26 W, 1978 MiB, 48
2026/05/10 16:33:33.442, 0 %, 0 %, 17.26 W, 1978 MiB, 48
2026/05/10 16:33:33.645, 0 %, 0 %, 17.22 W, 1978 MiB, 48
2026/05/10 16:33:33.846, 0 %, 0 %, 17.22 W, 1978 MiB, 48
2026/05/10 16:33:34.048, 0 %, 0 %, 17.22 W, 1978 MiB, 48
2026/05/10 16:33:34.250, 0 %, 0 %, 17.22 W, 1978 MiB, 48
2026/05/10 16:33:34.451, 0 %, 0 %, 17.22 W, 1978 MiB, 48
2026/05/10 16:33:34.653, 0 %, 0 %, 16.71 W, 1978 MiB, 48
2026/05/10 16:33:34.855, 0 %, 0 %, 16.16 W, 1978 MiB, 48
2026/05/10 16:33:35.057, 0 %, 0 %, 16.03 W, 1978 MiB, 48
2026/05/10 16:33:35.259, 0 %, 0 %, 16.37 W, 1978 MiB, 48
2026/05/10 16:33:35.461, 0 %, 0 %, 16.30 W, 1978 MiB, 48
2026/05/10 16:33:35.663, 0 %, 0 %, 16.25 W, 1978 MiB, 48
2026/05/10 16:33:35.865, 0 %, 0 %, 16.25 W, 1978 MiB, 48
2026/05/10 16:33:36.067, 0 %, 0 %, 16.25 W, 1978 MiB, 48
2026/05/10 16:33:36.269, 0 %, 0 %, 16.25 W, 1978 MiB, 48
2026/05/10 16:33:36.471, 0 %, 0 %, 9.41 W, 1978 MiB, 48
2026/05/10 16:33:36.674, 0 %, 0 %, 9.30 W, 1978 MiB, 48
2026/05/10 16:33:36.877, 0 %, 0 %, 8.41 W, 1978 MiB, 48
2026/05/10 16:33:37.080, 0 %, 0 %, 8.30 W, 1978 MiB, 48
2026/05/10 16:33:37.282, 0 %, 0 %, 8.61 W, 1978 MiB, 48
2026/05/10 16:33:37.484, 0 %, 0 %, 8.25 W, 1978 MiB, 48
2026/05/10 16:33:37.688, 0 %, 0 %, 9.22 W, 1978 MiB, 48
2026/05/10 16:33:37.891, 0 %, 0 %, 14.05 W, 1978 MiB, 48
2026/05/10 16:33:38.094, 0 %, 0 %, 15.58 W, 1978 MiB, 48
2026/05/10 16:33:38.307, 87 %, 9 %, 18.58 W, 2514 MiB, 48
2026/05/10 16:33:38.508, 40 %, 3 %, 39.09 W, 3760 MiB, 48
2026/05/10 16:33:38.712, 82 %, 11 %, 45.65 W, 4690 MiB, 48
2026/05/10 16:33:38.913, 32 %, 2 %, 167.52 W, 5460 MiB, 48
2026/05/10 16:33:39.116, 61 %, 22 %, 27.34 W, 5790 MiB, 48
2026/05/10 16:33:39.318, 8 %, 2 %, 24.95 W, 1414 MiB, 50
2026/05/10 16:33:39.522, 25 %, 8 %, 63.32 W, 1824 MiB, 50
2026/05/10 16:33:39.723, 29 %, 10 %, 164.06 W, 2382 MiB, 50
2026/05/10 16:33:39.927, 33 %, 12 %, 83.21 W, 2452 MiB, 59
2026/05/10 16:33:40.137, 30 %, 10 %, 115.01 W, 2452 MiB, 59
2026/05/10 16:33:40.339, 31 %, 11 %, 129.10 W, 2522 MiB, 59
2026/05/10 16:33:43.026, 29 %, 10 %, 150.33 W, 2529 MiB, 59
2026/05/10 16:33:43.228, 27 %, 9 %, 87.96 W, 2529 MiB, 62
2026/05/10 16:33:43.435, 29 %, 10 %, 132.82 W, 2529 MiB, 62
2026/05/10 16:33:43.637, 37 %, 14 %, 70.30 W, 2593 MiB, 62
2026/05/10 16:33:43.839, 34 %, 9 %, 74.36 W, 2593 MiB, 55
2026/05/10 16:33:44.048, 28 %, 7 %, 111.53 W, 2595 MiB, 55
2026/05/10 16:33:44.250, 29 %, 10 %, 94.88 W, 2599 MiB, 55
2026/05/10 16:33:44.451, 27 %, 8 %, 116.45 W, 2599 MiB, 59
2026/05/10 16:33:44.653, 29 %, 7 %, 113.62 W, 2601 MiB, 59
2026/05/10 16:33:44.855, 31 %, 7 %, 113.52 W, 2601 MiB, 59
2026/05/10 16:33:45.056, 32 %, 11 %, 108.17 W, 2601 MiB, 59
2026/05/10 16:33:45.258, 31 %, 7 %, 137.95 W, 2603 MiB, 59
2026/05/10 16:33:45.459, 30 %, 7 %, 104.42 W, 2605 MiB, 55
2026/05/10 16:33:45.661, 29 %, 7 %, 101.79 W, 2605 MiB, 55
2026/05/10 16:33:45.863, 24 %, 7 %, 106.19 W, 2605 MiB, 55
2026/05/10 16:33:46.066, 35 %, 11 %, 108.33 W, 2605 MiB, 60
2026/05/10 16:33:46.272, 32 %, 7 %, 103.43 W, 2607 MiB, 60
2026/05/10 16:33:46.473, 29 %, 10 %, 103.31 W, 2609 MiB, 60
2026/05/10 16:33:46.677, 35 %, 9 %, 86.67 W, 2611 MiB, 55
2026/05/10 16:33:46.880, 30 %, 7 %, 144.72 W, 2611 MiB, 55
2026/05/10 16:33:47.082, 28 %, 8 %, 78.47 W, 2611 MiB, 55
2026/05/10 16:33:47.283, 33 %, 8 %, 135.22 W, 2611 MiB, 61
2026/05/10 16:33:47.486, 28 %, 8 %, 154.27 W, 2611 MiB, 61
2026/05/10 16:33:47.691, 32 %, 9 %, 100.24 W, 2617 MiB, 61
2026/05/10 16:33:47.893, 32 %, 8 %, 116.71 W, 2617 MiB, 57
2026/05/10 16:33:48.094, 28 %, 7 %, 134.11 W, 2617 MiB, 57
2026/05/10 16:33:48.296, 30 %, 7 %, 76.71 W, 2620 MiB, 57
2026/05/10 16:33:48.498, 26 %, 8 %, 100.73 W, 2620 MiB, 64
2026/05/10 16:33:48.700, 29 %, 9 %, 114.05 W, 2622 MiB, 64
2026/05/10 16:33:48.902, 29 %, 6 %, 107.56 W, 2624 MiB, 64
2026/05/10 16:33:49.103, 30 %, 8 %, 94.11 W, 2624 MiB, 58
2026/05/10 16:33:49.310, 27 %, 8 %, 107.38 W, 2623 MiB, 58
2026/05/10 16:33:49.512, 28 %, 7 %, 110.53 W, 2623 MiB, 58
2026/05/10 16:33:49.714, 31 %, 7 %, 147.04 W, 2623 MiB, 60
2026/05/10 16:33:49.916, 29 %, 9 %, 109.99 W, 2625 MiB, 60
2026/05/10 16:33:50.117, 31 %, 8 %, 149.47 W, 2629 MiB, 60
2026/05/10 16:33:50.319, 31 %, 7 %, 116.59 W, 2629 MiB, 60
2026/05/10 16:33:50.521, 27 %, 10 %, 103.13 W, 2629 MiB, 60
2026/05/10 16:33:50.722, 30 %, 8 %, 148.76 W, 2629 MiB, 60
2026/05/10 16:33:50.931, 29 %, 6 %, 166.46 W, 2633 MiB, 57
2026/05/10 16:33:51.139, 25 %, 6 %, 95.25 W, 2633 MiB, 57
2026/05/10 16:33:51.343, 29 %, 10 %, 110.43 W, 2635 MiB, 57
2026/05/10 16:33:51.544, 31 %, 8 %, 142.61 W, 2635 MiB, 65
2026/05/10 16:33:51.748, 29 %, 6 %, 112.18 W, 2635 MiB, 65
2026/05/10 16:33:51.950, 30 %, 10 %, 121.76 W, 2635 MiB, 65
2026/05/10 16:33:52.152, 30 %, 8 %, 119.33 W, 2641 MiB, 59
2026/05/10 16:33:52.354, 16 %, 4 %, 100.11 W, 2641 MiB, 59
2026/05/10 16:33:52.556, 13 %, 5 %, 87.53 W, 2641 MiB, 59
2026/05/10 16:33:52.756, 30 %, 10 %, 95.42 W, 2641 MiB, 60
2026/05/10 16:33:52.958, 31 %, 10 %, 92.02 W, 2641 MiB, 60
2026/05/10 16:33:53.160, 28 %, 8 %, 98.60 W, 2643 MiB, 60
2026/05/10 16:33:53.361, 30 %, 7 %, 104.35 W, 2645 MiB, 61
2026/05/10 16:33:53.563, 27 %, 9 %, 112.28 W, 2694 MiB, 61
2026/05/10 16:33:53.764, 29 %, 8 %, 113.62 W, 2647 MiB, 61
2026/05/10 16:33:53.965, 30 %, 6 %, 114.58 W, 2647 MiB, 58
2026/05/10 16:33:54.167, 31 %, 8 %, 111.02 W, 2647 MiB, 58
2026/05/10 16:33:54.369, 29 %, 8 %, 116.15 W, 2649 MiB, 58
2026/05/10 16:33:54.571, 32 %, 10 %, 107.30 W, 2651 MiB, 57
2026/05/10 16:33:54.773, 25 %, 6 %, 111.50 W, 2653 MiB, 57
2026/05/10 16:33:54.974, 30 %, 8 %, 115.09 W, 2702 MiB, 57
2026/05/10 16:33:55.176, 28 %, 7 %, 115.17 W, 2653 MiB, 61
2026/05/10 16:33:55.377, 31 %, 9 %, 110.35 W, 2653 MiB, 61
2026/05/10 16:33:55.579, 28 %, 7 %, 113.46 W, 2653 MiB, 61
2026/05/10 16:33:55.783, 28 %, 7 %, 115.64 W, 2657 MiB, 62
2026/05/10 16:33:56.019, 31 %, 7 %, 107.86 W, 2659 MiB, 62
2026/05/10 16:33:56.221, 26 %, 9 %, 77.78 W, 2659 MiB, 60
2026/05/10 16:33:56.431, 27 %, 8 %, 147.29 W, 2659 MiB, 60
2026/05/10 16:33:56.634, 28 %, 7 %, 132.90 W, 2659 MiB, 63
2026/05/10 16:33:56.842, 28 %, 6 %, 115.66 W, 2659 MiB, 63
2026/05/10 16:33:57.045, 26 %, 8 %, 120.89 W, 2665 MiB, 63
2026/05/10 16:33:57.247, 29 %, 6 %, 112.23 W, 2665 MiB, 59
2026/05/10 16:33:57.454, 27 %, 10 %, 111.18 W, 2665 MiB, 59
2026/05/10 16:33:57.657, 27 %, 8 %, 114.53 W, 2665 MiB, 61
2026/05/10 16:33:57.861, 26 %, 8 %, 111.84 W, 2665 MiB, 61
2026/05/10 16:33:58.063, 28 %, 7 %, 111.37 W, 2665 MiB, 61
2026/05/10 16:33:58.269, 29 %, 6 %, 110.90 W, 2671 MiB, 59
2026/05/10 16:33:58.471, 32 %, 8 %, 114.22 W, 2671 MiB, 59
2026/05/10 16:33:58.672, 28 %, 6 %, 110.41 W, 2671 MiB, 59
2026/05/10 16:33:58.873, 33 %, 11 %, 115.21 W, 2671 MiB, 59
2026/05/10 16:33:59.079, 28 %, 8 %, 107.11 W, 2671 MiB, 59
2026/05/10 16:33:59.280, 30 %, 8 %, 102.89 W, 2671 MiB, 59
2026/05/10 16:33:59.481, 30 %, 8 %, 107.37 W, 2677 MiB, 64
2026/05/10 16:33:59.688, 30 %, 6 %, 107.85 W, 2677 MiB, 64
2026/05/10 16:33:59.889, 32 %, 11 %, 103.23 W, 2677 MiB, 64
2026/05/10 16:34:00.090, 30 %, 7 %, 109.02 W, 2679 MiB, 64
2026/05/10 16:34:00.297, 29 %, 9 %, 112.01 W, 2681 MiB, 64
2026/05/10 16:34:00.504, 26 %, 8 %, 114.37 W, 2681 MiB, 64
2026/05/10 16:34:00.705, 26 %, 6 %, 112.69 W, 2684 MiB, 59
2026/05/10 16:34:00.923, 32 %, 9 %, 113.76 W, 2684 MiB, 59
2026/05/10 16:34:01.124, 28 %, 6 %, 115.47 W, 2684 MiB, 65
2026/05/10 16:34:01.325, 31 %, 7 %, 110.52 W, 2684 MiB, 65
2026/05/10 16:34:01.527, 31 %, 8 %, 108.69 W, 2688 MiB, 65
2026/05/10 16:34:01.729, 32 %, 10 %, 112.14 W, 2690 MiB, 57
2026/05/10 16:34:01.931, 25 %, 6 %, 110.64 W, 2690 MiB, 57
2026/05/10 16:34:02.132, 25 %, 8 %, 111.54 W, 2690 MiB, 57
2026/05/10 16:34:02.334, 33 %, 9 %, 109.75 W, 2690 MiB, 64
2026/05/10 16:34:02.535, 29 %, 6 %, 109.73 W, 2690 MiB, 64
2026/05/10 16:34:02.737, 32 %, 11 %, 111.82 W, 2692 MiB, 58
2026/05/10 16:34:02.955, 0 %, 0 %, 95.50 W, 2692 MiB, 58
2026/05/10 16:34:03.156, 26 %, 10 %, 96.03 W, 2696 MiB, 60
2026/05/10 16:34:03.358, 30 %, 9 %, 90.02 W, 2696 MiB, 60
2026/05/10 16:34:03.559, 27 %, 8 %, 92.91 W, 2696 MiB, 60
2026/05/10 16:34:03.761, 29 %, 6 %, 150.00 W, 2696 MiB, 61
2026/05/10 16:34:03.984, 31 %, 9 %, 123.67 W, 2698 MiB, 61
2026/05/10 16:34:04.186, 28 %, 6 %, 106.06 W, 2698 MiB, 59
2026/05/10 16:34:04.393, 30 %, 9 %, 151.16 W, 2700 MiB, 59
2026/05/10 16:34:04.595, 29 %, 9 %, 148.47 W, 2702 MiB, 59
2026/05/10 16:34:04.797, 26 %, 5 %, 81.47 W, 2704 MiB, 64
2026/05/10 16:34:04.998, 31 %, 9 %, 114.84 W, 2704 MiB, 64
2026/05/10 16:34:05.199, 31 %, 7 %, 144.87 W, 2704 MiB, 64
2026/05/10 16:34:05.401, 28 %, 10 %, 117.01 W, 2704 MiB, 59
2026/05/10 16:34:05.603, 28 %, 6 %, 112.81 W, 2708 MiB, 59
2026/05/10 16:34:05.813, 28 %, 9 %, 112.76 W, 2708 MiB, 62
2026/05/10 16:34:06.023, 32 %, 9 %, 108.89 W, 2708 MiB, 62
2026/05/10 16:34:06.224, 27 %, 7 %, 110.55 W, 2708 MiB, 62
2026/05/10 16:34:06.426, 28 %, 7 %, 114.66 W, 2712 MiB, 65
2026/05/10 16:34:06.634, 27 %, 6 %, 118.04 W, 2714 MiB, 65
2026/05/10 16:34:06.835, 27 %, 9 %, 116.11 W, 2714 MiB, 65
2026/05/10 16:34:07.037, 24 %, 6 %, 144.85 W, 2714 MiB, 65
2026/05/10 16:34:07.239, 30 %, 11 %, 110.24 W, 2714 MiB, 65
2026/05/10 16:34:07.441, 30 %, 7 %, 118.99 W, 2714 MiB, 64
2026/05/10 16:34:07.650, 26 %, 6 %, 109.82 W, 2718 MiB, 64
2026/05/10 16:34:07.854, 33 %, 8 %, 115.25 W, 2720 MiB, 61
2026/05/10 16:34:08.056, 29 %, 7 %, 109.11 W, 2720 MiB, 61
2026/05/10 16:34:08.257, 26 %, 8 %, 91.30 W, 2720 MiB, 61
2026/05/10 16:34:08.470, 34 %, 9 %, 123.13 W, 2720 MiB, 61
2026/05/10 16:34:08.673, 30 %, 6 %, 113.01 W, 2722 MiB, 61
2026/05/10 16:34:08.874, 32 %, 7 %, 79.45 W, 2724 MiB, 61
2026/05/10 16:34:09.075, 31 %, 8 %, 86.59 W, 2726 MiB, 61
2026/05/10 16:34:09.277, 27 %, 6 %, 137.38 W, 2726 MiB, 62
2026/05/10 16:34:09.488, 38 %, 8 %, 117.95 W, 2726 MiB, 62
2026/05/10 16:34:09.689, 32 %, 7 %, 113.30 W, 2726 MiB, 62
2026/05/10 16:34:09.891, 28 %, 8 %, 129.36 W, 2728 MiB, 59
2026/05/10 16:34:10.092, 32 %, 9 %, 117.32 W, 2732 MiB, 59
2026/05/10 16:34:10.293, 26 %, 5 %, 108.20 W, 2732 MiB, 59
2026/05/10 16:34:10.495, 28 %, 8 %, 115.06 W, 2732 MiB, 65
2026/05/10 16:34:10.697, 28 %, 6 %, 112.40 W, 2732 MiB, 65
2026/05/10 16:34:10.898, 30 %, 8 %, 114.74 W, 2734 MiB, 65
2026/05/10 16:34:11.099, 30 %, 7 %, 112.91 W, 2734 MiB, 64
2026/05/10 16:34:11.301, 30 %, 7 %, 119.65 W, 2738 MiB, 64
2026/05/10 16:34:11.502, 31 %, 8 %, 112.90 W, 2738 MiB, 64
2026/05/10 16:34:11.703, 32 %, 7 %, 115.10 W, 2738 MiB, 59
2026/05/10 16:34:11.905, 28 %, 7 %, 109.54 W, 2740 MiB, 59
2026/05/10 16:34:12.106, 36 %, 9 %, 108.46 W, 2740 MiB, 61
2026/05/10 16:34:12.319, 31 %, 7 %, 105.77 W, 2744 MiB, 61
2026/05/10 16:34:12.522, 31 %, 7 %, 106.67 W, 2744 MiB, 66
2026/05/10 16:34:12.729, 30 %, 7 %, 106.98 W, 2746 MiB, 66
2026/05/10 16:34:12.930, 27 %, 9 %, 109.37 W, 2746 MiB, 63
2026/05/10 16:34:13.132, 0 %, 0 %, 95.59 W, 2746 MiB, 63
2026/05/10 16:34:13.333, 37 %, 13 %, 97.28 W, 2794 MiB, 63
2026/05/10 16:34:13.535, 34 %, 7 %, 93.69 W, 2750 MiB, 60
2026/05/10 16:34:13.738, 31 %, 8 %, 93.36 W, 2750 MiB, 60
2026/05/10 16:34:13.939, 32 %, 7 %, 102.61 W, 2750 MiB, 60
2026/05/10 16:34:14.141, 33 %, 7 %, 116.57 W, 2752 MiB, 61
2026/05/10 16:34:14.346, 29 %, 6 %, 156.29 W, 2752 MiB, 61
2026/05/10 16:34:14.548, 23 %, 6 %, 68.28 W, 2752 MiB, 66
2026/05/10 16:34:14.750, 23 %, 7 %, 106.45 W, 2804 MiB, 66
2026/05/10 16:34:14.952, 33 %, 9 %, 114.94 W, 2756 MiB, 66
2026/05/10 16:34:15.153, 31 %, 6 %, 108.55 W, 2756 MiB, 59
2026/05/10 16:34:18.444, 27 %, 6 %, 112.43 W, 2756 MiB, 59
2026/05/10 16:34:18.646, 28 %, 7 %, 118.61 W, 2756 MiB, 63
2026/05/10 16:34:18.853, 31 %, 7 %, 113.92 W, 2762 MiB, 63
2026/05/10 16:34:19.054, 33 %, 9 %, 108.58 W, 2762 MiB, 60
2026/05/10 16:34:19.257, 30 %, 6 %, 111.40 W, 2762 MiB, 60
2026/05/10 16:34:19.459, 30 %, 7 %, 112.83 W, 2762 MiB, 60
2026/05/10 16:34:19.660, 31 %, 8 %, 114.38 W, 2762 MiB, 62
2026/05/10 16:34:19.869, 29 %, 9 %, 108.63 W, 2764 MiB, 62
2026/05/10 16:34:20.071, 32 %, 7 %, 110.90 W, 2768 MiB, 63
2026/05/10 16:34:20.272, 32 %, 8 %, 113.33 W, 2768 MiB, 63
2026/05/10 16:34:20.473, 28 %, 7 %, 115.08 W, 2770 MiB, 63
2026/05/10 16:34:20.674, 38 %, 7 %, 107.71 W, 2770 MiB, 62
2026/05/10 16:34:20.879, 28 %, 10 %, 110.36 W, 2770 MiB, 62
2026/05/10 16:34:21.081, 33 %, 9 %, 108.86 W, 2774 MiB, 62
2026/05/10 16:34:21.283, 31 %, 7 %, 108.04 W, 2774 MiB, 60
2026/05/10 16:34:21.489, 29 %, 7 %, 109.90 W, 2774 MiB, 60
2026/05/10 16:34:21.690, 30 %, 8 %, 117.50 W, 2774 MiB, 60
2026/05/10 16:34:21.892, 29 %, 6 %, 114.06 W, 2774 MiB, 60
2026/05/10 16:34:22.093, 34 %, 10 %, 110.29 W, 2776 MiB, 60
2026/05/10 16:34:22.294, 29 %, 6 %, 115.68 W, 2780 MiB, 64
2026/05/10 16:34:22.496, 34 %, 9 %, 119.38 W, 2780 MiB, 64
2026/05/10 16:34:22.698, 28 %, 8 %, 114.13 W, 2782 MiB, 64
2026/05/10 16:34:22.899, 29 %, 6 %, 116.34 W, 2782 MiB, 63
2026/05/10 16:34:23.100, 30 %, 7 %, 114.51 W, 2782 MiB, 63
2026/05/10 16:34:23.301, 29 %, 8 %, 154.31 W, 2834 MiB, 63
2026/05/10 16:34:23.503, 31 %, 7 %, 109.10 W, 2786 MiB, 61
2026/05/10 16:34:23.707, 29 %, 8 %, 121.06 W, 2786 MiB, 61
2026/05/10 16:34:23.911, 32 %, 6 %, 113.90 W, 2786 MiB, 61
2026/05/10 16:34:24.112, 32 %, 7 %, 116.74 W, 2786 MiB, 59
2026/05/10 16:34:24.315, 30 %, 8 %, 97.45 W, 2792 MiB, 59
2026/05/10 16:34:24.517, 30 %, 6 %, 111.81 W, 2792 MiB, 59
2026/05/10 16:34:24.718, 36 %, 7 %, 66.93 W, 2792 MiB, 61
2026/05/10 16:34:24.927, 31 %, 8 %, 21.97 W, 2792 MiB, 61
2026/05/10 16:34:25.128, 10 %, 2 %, 20.77 W, 2792 MiB, 64
2026/05/10 16:34:25.330, 0 %, 0 %, 20.43 W, 2792 MiB, 64
2026/05/10 16:34:25.532, 0 %, 0 %, 19.64 W, 2792 MiB, 64
2026/05/10 16:34:25.733, 0 %, 0 %, 19.72 W, 2792 MiB, 54
2026/05/10 16:34:25.935, 0 %, 0 %, 17.76 W, 2792 MiB, 54
2026/05/10 16:34:26.137, 0 %, 0 %, 18.47 W, 2792 MiB, 54
2026/05/10 16:34:26.338, 0 %, 0 %, 17.84 W, 2792 MiB, 53
2026/05/10 16:34:26.544, 0 %, 0 %, 17.76 W, 2792 MiB, 53
2026/05/10 16:34:26.746, 0 %, 0 %, 18.09 W, 2792 MiB, 52
2026/05/10 16:34:26.949, 0 %, 0 %, 17.99 W, 2792 MiB, 52
2026/05/10 16:34:27.153, 0 %, 0 %, 17.76 W, 2792 MiB, 52
2026/05/10 16:34:27.356, 0 %, 0 %, 18.19 W, 2792 MiB, 52
2026/05/10 16:34:27.557, 0 %, 0 %, 17.81 W, 2792 MiB, 52
2026/05/10 16:34:27.759, 0 %, 0 %, 17.53 W, 2792 MiB, 52
2026/05/10 16:34:27.961, 0 %, 0 %, 17.34 W, 2784 MiB, 52
2026/05/10 16:34:28.163, 0 %, 0 %, 19.11 W, 0 MiB, 52
2026/05/10 16:34:28.366, 1 %, 0 %, 18.04 W, 0 MiB, 52
2026/05/10 16:34:28.567, [Unknown Error], [Unknown Error], 1303.00 W, 0 MiB, 52
2026/05/10 16:34:29.668, 0 %, 0 %, 30.41 W, 0 MiB, 52
2026/05/10 16:34:29.871, 0 %, 0 %, 27.32 W, 0 MiB, 52
2026/05/10 16:34:30.073, [Unknown Error], [Unknown Error], 1336.14 W, 0 MiB, 52
2026/05/10 16:34:31.066, 0 %, 0 %, 30.23 W, 0 MiB, 52
2026/05/10 16:34:31.271, 0 %, 0 %, 26.75 W, 0 MiB, 52
2026/05/10 16:34:31.472, [Unknown Error], [Unknown Error], 1368.72 W, 0 MiB, 52
2026/05/10 16:34:32.468, 0 %, 0 %, 30.26 W, 0 MiB, 52
2026/05/10 16:34:32.671, 0 %, 0 %, 26.87 W, 0 MiB, 52
2026/05/10 16:34:32.872, [Unknown Error], [Unknown Error], 1400.83 W, 0 MiB, 52
2026/05/10 16:34:33.870, 0 %, 0 %, 30.07 W, 0 MiB, 52
2026/05/10 16:34:34.074, 0 %, 0 %, 28.78 W, 0 MiB, 52
2026/05/10 16:34:34.276, [Unknown Error], [Unknown Error], 1432.38 W, 0 MiB, 52
2026/05/10 16:34:35.279, 0 %, 0 %, 30.02 W, 0 MiB, 52
2026/05/10 16:34:35.484, 0 %, 0 %, 29.13 W, 0 MiB, 52
2026/05/10 16:34:35.686, [Unknown Error], [Unknown Error], 1463.72 W, 0 MiB, 52
2026/05/10 16:34:36.668, 0 %, 0 %, 29.99 W, 0 MiB, 52
2026/05/10 16:34:36.874, 0 %, 0 %, 29.53 W, 0 MiB, 52
